config,trace,memory_access_cycles_recorded_core_0,cycles_recorded_core_0,llc_mshr_unavailable,llc_read_misses,llc_read_access,llc_write_misses,llc_write_access,llc_eviction,num_expected_insts,total_num_other_requests,total_num_write_requests,total_num_read_requests,memory_system_cycles,avg_write_latency_0,avg_read_latency_0,read_queue_len_avg_0,write_latency_0,write_queue_len_0,queue_len_0,num_other_reqs_0,num_write_reqs_0,read_latency_0,priority_queue_len_avg_0,row_hits_0,priority_queue_len_0,row_misses_0,row_conflicts_0,read_row_misses_0,queue_len_avg_0,read_row_conflicts_core_0,read_row_hits_0,write_queue_len_avg_0,read_row_conflicts_0,write_row_misses_0,write_row_conflicts_0,read_queue_len_0,write_row_hits_0,read_row_hits_core_0,read_row_misses_core_0,num_read_reqs_0,total_rfm_cycles_rank1,total_rfm_cycles_rank0
DDR4_3200W_x16_cfg.yaml,600,70324.0,4535405.0,492.0,8476.0,2452420.0,558.0,1518370.0,0.0,10000000.0,0.0,0.0,3487.0,1700777.0,NaN,90.4287338,0.0979640484,0.0,0.0,170050.0,0.0,0.0,315325.0,0.0020196652,2251.0,3435.0,518.0,718.0,518.0,0.0999837145,718.0,2251.0,0.0,718.0,0.0,0.0,166615.0,0.0,2251.0,518.0,3487.0,NaN,NaN
DDR4_3200W_x16_cfg.yaml,602,3333174.0,9307591.0,97.0,1199064.0,2802936.0,1566.0,52147.0,181510.0,10000000.0,0.0,407.0,197891.0,3490347.0,66.4078598,57.4536133,1.76847374,27028.0,464344.0,6655903.0,0.0,407.0,11369553.0,0.00543556269,189007.0,18972.0,5033.0,4258.0,5033.0,1.90694594,4030.0,188828.0,0.133036628,4030.0,0.0,228.0,6172587.0,179.0,188828.0,5033.0,197891.0,NaN,NaN
DDR4_3200W_x16_cfg.yaml,605,1712951.0,7833178.0,186636.0,488685.0,2928156.0,2166.0,779392.0,129090.0,10000000.0,0.0,274.0,145474.0,2937442.0,82.3941574,120.688622,3.5228045,22576.0,217816.0,10586127.0,0.0,274.0,17557056.0,0.00690294476,84135.0,20277.0,4146.0,57467.0,4140.0,3.60385919,57207.0,84127.0,0.0741515905,57207.0,6.0,260.0,10348034.0,8.0,84127.0,4140.0,145474.0,NaN,NaN
DDR4_3200W_x16_cfg.yaml,625,863489.0,6330268.0,2051.0,75995.0,2646974.0,13044.0,1328066.0,21573.0,10000000.0,0.0,965.0,37957.0,2373851.0,80.9533691,109.24633,1.03218484,78120.0,117447.0,2580889.0,0.0,965.0,4146663.0,0.00555595104,24503.0,13189.0,2493.0,11926.0,2492.0,1.08721614,11035.0,24430.0,0.0494753048,11035.0,1.0,891.0,2450253.0,73.0,24430.0,2492.0,37957.0,NaN,NaN
DDR4_3200W_x16_cfg.yaml,631,287852.0,4644336.0,0.0,14753.0,2446877.0,11456.0,1180453.0,4.0,10000000.0,0.0,1.0,5531.0,1741626.0,84.0,116.839447,0.185480118,84.0,165.0,332063.0,0.0,1.0,646239.0,0.00508777425,1801.0,8861.0,1677.0,2054.0,1677.0,0.190662637,2053.0,1801.0,9.47390508,2053.0,0.0,1.0,323037.0,0.0,1801.0,1677.0,5531.0,NaN,NaN
DDR4_3200W_x16_cfg.yaml,657,388005.0,5195698.0,0.0,40025.0,2523907.0,34.0,644922.0,34.0,10000000.0,0.0,0.0,15959.0,1948387.0,NaN,67.7609482,0.352569073,0.0,0.0,695517.0,0.0,0.0,1081397.0,0.00440158974,15674.0,8576.0,284.0,1.0,284.0,0.356970668,1.0,15674.0,0.0,1.0,0.0,0.0,686941.0,0.0,15674.0,284.0,15959.0,NaN,NaN
DDR4_3200W_x16_cfg.yaml,641,89963.0,4250044.0,258.0,3954.0,2473113.0,810.0,942742.0,0.0,10000000.0,0.0,0.0,1939.0,1593767.0,NaN,102.764313,0.0617762804,0.0,0.0,105484.0,0.0,0.0,199260.0,0.00440905103,796.0,7027.0,727.0,416.0,727.0,0.0661853328,416.0,796.0,0.0,416.0,0.0,0.0,98457.0,0.0,796.0,727.0,1939.0,NaN,NaN
DDR4_3200W_x16_cfg.yaml,648,4109.0,4673702.0,101.0,851.0,2456104.0,141.0,1559963.0,0.0,10000000.0,0.0,0.0,220.0,1752638.0,NaN,89.0363617,0.00660547148,0.0,0.0,12077.0,0.0,0.0,19588.0,0.000285284244,164.0,500.0,34.0,22.0,34.0,0.00689075561,22.0,164.0,0.0,22.0,0.0,0.0,11577.0,0.0,164.0,34.0,220.0,NaN,NaN
DDR4_3200W_x16_cfg.yaml,620,2704018.0,10402262.0,52405.0,221734.0,2610380.0,43267.0,1407619.0,96744.0,10000000.0,0.0,18390.0,113126.0,3900848.0,83.5508423,123.898918,1.88156343,1536500.0,3748465.0,11117080.0,0.0,18390.0,14016189.0,0.00741428509,46494.0,28922.0,6780.0,78242.0,6699.0,2.8499136,60099.0,46328.0,0.96093595,60099.0,81.0,18143.0,7339693.0,166.0,46328.0,6699.0,113126.0,NaN,NaN
DDR4_3200W_x16_cfg.yaml,623,3238766.0,11465328.0,2950.0,879161.0,2701143.0,2435.0,127058.0,251653.0,10000000.0,0.0,426.0,268037.0,4299498.0,83.4366226,78.7277145,3.158319,35544.0,47213.0,13650850.0,0.0,426.0,21101940.0,0.00568694295,248335.0,24451.0,5485.0,14643.0,5485.0,3.17498684,14223.0,248329.0,0.0109810494,14223.0,0.0,420.0,13579186.0,6.0,248329.0,5485.0,268037.0,NaN,NaN
DDR4_3200W_x16_cfg.yaml,603,6713189.0,21703711.0,480037.0,652336.0,4143877.0,1077.0,517605.0,106682.0,10000000.0,0.0,192.0,123066.0,8138892.0,73.0625,390.358521,4.88858891,14028.0,166090.0,39997971.0,0.0,192.0,48039861.0,0.00542911747,33959.0,44187.0,2709.0,86590.0,2704.0,4.9144249,86453.0,33909.0,0.020406954,86453.0,5.0,137.0,39787694.0,50.0,33909.0,2704.0,123066.0,NaN,NaN
DDR4_3200W_x16_cfg.yaml,607,18240359.0,48650459.0,2200704.0,4500764.0,4624688.0,194548.0,909548.0,1259510.0,10000000.0,0.0,25715.0,1275888.0,18243922.0,49.0415726,171.365372,9.78758621,1261104.0,85178542.0,263856897.0,0.0,25715.0,218643018.0,0.00627025263,1138494.0,114394.0,6547.0,156556.0,5622.0,14.4627285,153773.0,1116491.0,4.66887236,153773.0,925.0,2783.0,178563961.0,22003.0,1116491.0,5622.0,1275888.0,NaN,NaN
DDR4_3200W_x16_cfg.yaml,619,2393342.0,9247038.0,0.0,894190.0,2690737.0,62012.0,1689440.0,127542.0,10000000.0,0.0,20232.0,143926.0,3467639.0,55.2139168,86.3120575,2.33966422,1117088.0,5109468.0,13243192.0,0.0,20232.0,12422549.0,0.00594439032,143716.0,20613.0,1845.0,18597.0,1757.0,3.81908035,12969.0,129200.0,1.47347176,12969.0,88.0,5628.0,8113111.0,14516.0,129200.0,1757.0,143926.0,NaN,NaN
DDR4_3200W_x16_cfg.yaml,621,4052466.0,13162130.0,54981.0,766762.0,3791629.0,23071.0,453745.0,290496.0,10000000.0,0.0,4544.0,306880.0,4935799.0,68.8195419,76.9193573,2.82323623,312716.0,2605112.0,16571222.0,0.0,4544.0,23605012.0,0.00631772075,268235.0,31183.0,7296.0,35893.0,7281.0,3.35735345,33081.0,266518.0,0.527799428,33081.0,15.0,2812.0,13934927.0,1717.0,266518.0,7281.0,306880.0,NaN,NaN
DDR4_3200W_x16_cfg.yaml,628,1175375.0,8232117.0,29536.0,219493.0,2886771.0,38907.0,2677094.0,54746.0,10000000.0,0.0,1187.0,71130.0,3087044.0,70.2847519,100.912483,1.52283216,83428.0,686837.0,5404557.0,0.0,1187.0,7177905.0,0.00539998803,58010.0,16670.0,2528.0,11779.0,2520.0,1.75072241,11003.0,57607.0,0.222490191,11003.0,8.0,776.0,4701050.0,403.0,57607.0,2520.0,71130.0,NaN,NaN
DDR4_3200W_x16_cfg.yaml,638,166788.0,4714056.0,331.0,10583.0,2671796.0,275.0,1106106.0,0.0,10000000.0,0.0,0.0,2705.0,1767771.0,NaN,95.4162674,0.0890782773,0.0,0.0,165653.0,0.0,0.0,258101.0,0.00462899311,1857.0,8183.0,770.0,78.0,770.0,0.0937072709,78.0,1857.0,0.0,78.0,0.0,0.0,157470.0,0.0,1857.0,770.0,2705.0,NaN,NaN
DDR4_3200W_x16_cfg.yaml,644,391136.0,5048775.0,0.0,28251.0,2889827.0,24.0,256393.0,0.0,10000000.0,0.0,0.0,10722.0,1893291.0,NaN,65.5065308,0.214110777,0.0,0.0,413673.0,0.0,0.0,702361.0,0.00438337261,9880.0,8299.0,568.0,274.0,568.0,0.218494147,274.0,9880.0,0.0,274.0,0.0,0.0,405374.0,0.0,9880.0,568.0,10722.0,NaN,NaN
DDR4_3200W_x16_cfg.yaml,649,9909.0,4356964.0,0.0,553.0,2446933.0,184.0,1544168.0,0.0,10000000.0,0.0,0.0,284.0,1633862.0,NaN,95.2640839,0.00821734034,0.0,0.0,15176.0,0.0,0.0,27055.0,0.00107108185,144.0,1750.0,84.0,56.0,84.0,0.00928842183,56.0,144.0,0.0,56.0,0.0,0.0,13426.0,0.0,144.0,84.0,284.0,NaN,NaN
DDR4_3200W_x16_cfg.yaml,654,4479927.0,13499486.0,6.0,842521.0,2434872.0,336680.0,2047134.0,174858.0,10000000.0,0.0,17928.0,191242.0,5062307.0,81.129631,89.6872635,2.00460339,1454492.0,6610707.0,16793198.0,0.0,17928.0,17151972.0,0.00682949508,150022.0,34573.0,7913.0,51229.0,7881.0,3.31730127,34598.0,148762.0,1.30586851,34598.0,32.0,16631.0,10147918.0,1260.0,148762.0,7881.0,191242.0,NaN,NaN
DDR4_3200W_x8_cfg.yaml,600,65856.0,4522741.0,324.0,8345.0,2452283.0,526.0,1518339.0,0.0,10000000.0,0.0,0.0,3487.0,1696028.0,NaN,84.4135361,0.0906199664,0.0,0.0,157205.0,0.0,0.0,294350.0,0.00207013101,2321.0,3511.0,716.0,450.0,716.0,0.0926900953,450.0,2321.0,0.0,450.0,0.0,0.0,153694.0,0.0,2321.0,716.0,3487.0,NaN,NaN
DDR4_3200W_x8_cfg.yaml,602,3261627.0,9098615.0,121.0,1199619.0,2802960.0,1554.0,52147.0,181510.0,10000000.0,0.0,407.0,197891.0,3411981.0,58.791153,55.8836975,1.74665427,23928.0,245522.0,6223301.0,0.0,407.0,11058881.0,0.00534235081,190678.0,18228.0,5195.0,2425.0,5150.0,1.8239553,2297.0,190444.0,0.0719587803,2297.0,45.0,128.0,5959551.0,234.0,190444.0,5150.0,197891.0,NaN,NaN
DDR4_3200W_x8_cfg.yaml,605,1489146.0,7219725.0,161667.0,464273.0,2903287.0,2033.0,779292.0,129090.0,10000000.0,0.0,274.0,145474.0,2707397.0,81.1532822,108.220741,3.23402143,22236.0,121214.0,8895585.0,0.0,274.0,15743304.0,0.00686674332,87860.0,18591.0,5621.0,52267.0,5610.0,3.28565955,52018.0,87846.0,0.044771418,52018.0,11.0,249.0,8755780.0,14.0,87846.0,5610.0,145474.0,NaN,NaN
DDR4_3200W_x8_cfg.yaml,625,767119.0,6074191.0,2075.0,76108.0,2647046.0,12203.0,1328018.0,21573.0,10000000.0,0.0,965.0,37957.0,2277822.0,71.668396,100.248573,0.998871267,69160.0,104683.0,2392358.0,0.0,965.0,3805135.0,0.00545433303,27284.0,12424.0,3587.0,8051.0,3474.0,1.05028307,7440.0,27043.0,0.0459574983,7440.0,113.0,611.0,2275251.0,241.0,27043.0,3474.0,37957.0,NaN,NaN
DDR4_3200W_x8_cfg.yaml,631,273283.0,4619853.0,0.0,14753.0,2446877.0,11437.0,1180453.0,4.0,10000000.0,0.0,1.0,5531.0,1732445.0,84.0,114.726273,0.189563885,84.0,1049.0,338226.0,0.0,1.0,634551.0,0.00506105553,1853.0,8768.0,2376.0,1303.0,2376.0,0.195230439,1302.0,1853.0,0.000605502632,1302.0,0.0,1.0,328409.0,0.0,1853.0,2376.0,5531.0,NaN,NaN
DDR4_3200W_x8_cfg.yaml,657,388005.0,5195698.0,0.0,40025.0,2523907.0,34.0,644922.0,34.0,10000000.0,0.0,0.0,15959.0,1948387.0,NaN,67.7605743,0.35257113,0.0,0.0,695521.0,0.0,0.0,1081391.0,0.00440158974,15674.0,8576.0,284.0,1.0,284.0,0.356972724,1.0,15674.0,0.0,1.0,0.0,0.0,686945.0,0.0,15674.0,284.0,15959.0,NaN,NaN
DDR4_3200W_x8_cfg.yaml,641,88864.0,4247492.0,168.0,3941.0,2473095.0,745.0,942670.0,0.0,10000000.0,0.0,0.0,1939.0,1592810.0,NaN,98.5528641,0.0597076863,0.0,0.0,102310.0,0.0,0.0,191094.0,0.00452470779,837.0,7207.0,846.0,256.0,846.0,0.0642323941,256.0,837.0,0.0,256.0,0.0,0.0,95103.0,0.0,837.0,846.0,1939.0,NaN,NaN
DDR4_3200W_x8_cfg.yaml,648,3915.0,4672934.0,173.0,925.0,2456176.0,141.0,1559963.0,0.0,10000000.0,0.0,0.0,220.0,1752350.0,NaN,84.3590927,0.00634747604,0.0,0.0,11623.0,0.0,0.0,18559.0,0.000285331131,173.0,500.0,38.0,9.0,38.0,0.0066328072,9.0,173.0,0.0,9.0,0.0,0.0,11123.0,0.0,173.0,38.0,220.0,NaN,NaN
DDR4_3200W_x8_cfg.yaml,620,2422440.0,9660091.0,47100.0,220108.0,2608419.0,39629.0,1404275.0,96744.0,10000000.0,0.0,18390.0,113126.0,3622534.0,82.0293655,112.468735,1.75874674,1508520.0,2367019.0,8764462.0,0.0,18390.0,12723138.0,0.00726646045,52031.0,26323.0,10060.0,69425.0,8974.0,2.41942859,52484.0,51668.0,0.653415263,52484.0,1086.0,16941.0,6371120.0,363.0,51668.0,8974.0,113126.0,NaN,NaN
DDR4_3200W_x8_cfg.yaml,623,3115740.0,11130896.0,2961.0,880879.0,2701538.0,2032.0,126674.0,251653.0,10000000.0,0.0,426.0,268037.0,4174086.0,76.8638535,76.0815964,3.12746763,32744.0,34234.0,13111944.0,0.0,426.0,20392682.0,0.00560386153,250020.0,23391.0,9912.0,8531.0,9836.0,3.14127302,8219.0,249982.0,0.00820155628,8219.0,76.0,312.0,13054319.0,38.0,249982.0,9836.0,268037.0,NaN,NaN
DDR4_3200W_x8_cfg.yaml,603,6673907.0,21603871.0,377606.0,549741.0,4041446.0,1057.0,517605.0,106682.0,10000000.0,0.0,192.0,123066.0,8101452.0,57.6458321,383.086853,4.80365801,11068.0,146985.0,39104773.0,0.0,192.0,47144969.0,0.005083533,34411.0,41184.0,2847.0,86000.0,2826.0,4.82688427,85945.0,34295.0,0.0181430448,85945.0,21.0,55.0,38916604.0,116.0,34295.0,2826.0,123066.0,NaN,NaN
DDR4_3200W_x8_cfg.yaml,607,18027090.0,48081243.0,1767196.0,4067644.0,4193267.0,181690.0,907461.0,1259510.0,10000000.0,0.0,25715.0,1275888.0,18030466.0,46.9954491,168.419296,9.70206165,1208488.0,88033878.0,263080440.0,0.0,25715.0,214884158.0,0.00631586555,1141778.0,113878.0,7003.0,152815.0,5887.0,14.5908842,151444.0,1118553.0,4.88250732,151444.0,1116.0,1371.0,174932684.0,23225.0,1118553.0,5887.0,1275888.0,NaN,NaN
DDR4_3200W_x8_cfg.yaml,619,2073969.0,8450912.0,0.0,894445.0,2690737.0,54552.0,1689440.0,127542.0,10000000.0,0.0,20232.0,143926.0,3169092.0,49.8788071,73.0667496,2.12227345,1009148.0,3760335.0,10504306.0,0.0,20232.0,10516205.0,0.00577168493,154862.0,18291.0,2217.0,7079.0,1980.0,3.31461072,4224.0,137722.0,1.1865654,4224.0,237.0,2855.0,6725680.0,17140.0,137722.0,1980.0,143926.0,NaN,NaN
DDR4_3200W_x8_cfg.yaml,621,3605327.0,11703426.0,51038.0,781702.0,3787632.0,22372.0,453799.0,290496.0,10000000.0,0.0,4544.0,306880.0,4388785.0,55.9542236,70.4353867,2.90404129,254256.0,1438416.0,14208848.0,0.0,4544.0,21615212.0,0.00574623747,283327.0,25219.0,6393.0,21704.0,6243.0,3.23753572,20421.0,280216.0,0.32774812,20421.0,150.0,1283.0,12745213.0,3111.0,280216.0,6243.0,306880.0,NaN,NaN
DDR4_3200W_x8_cfg.yaml,628,1123379.0,8084333.0,24645.0,214923.0,2881882.0,41963.0,2677092.0,54746.0,10000000.0,0.0,1187.0,71130.0,3031625.0,61.9949455,97.9449615,1.50113583,73588.0,436355.0,5002649.0,0.0,1187.0,6966825.0,0.00508407224,59060.0,15413.0,3101.0,10156.0,2901.0,1.65015423,9722.0,58507.0,0.143934354,9722.0,200.0,434.0,4550881.0,553.0,58507.0,2901.0,71130.0,NaN,NaN
DDR4_3200W_x8_cfg.yaml,638,166607.0,4714056.0,323.0,10563.0,2671783.0,269.0,1106111.0,0.0,10000000.0,0.0,0.0,2705.0,1767771.0,NaN,94.2421417,0.0886002779,0.0,0.0,164786.0,0.0,0.0,254925.0,0.00461654831,1890.0,8161.0,797.0,18.0,797.0,0.0932168216,18.0,1890.0,0.0,18.0,0.0,0.0,156625.0,0.0,1890.0,797.0,2705.0,NaN,NaN
DDR4_3200W_x8_cfg.yaml,644,388883.0,5040199.0,0.0,28357.0,2889827.0,24.0,256393.0,0.0,10000000.0,0.0,0.0,10722.0,1890075.0,NaN,64.6066971,0.212545007,0.0,0.0,409835.0,0.0,0.0,692713.0,0.00429030601,9970.0,8109.0,608.0,144.0,608.0,0.216835305,144.0,9970.0,0.0,144.0,0.0,0.0,401726.0,0.0,9970.0,608.0,10722.0,NaN,NaN
DDR4_3200W_x8_cfg.yaml,649,9179.0,4356396.0,0.0,556.0,2446933.0,186.0,1544168.0,0.0,10000000.0,0.0,0.0,284.0,1633649.0,NaN,87.8133774,0.00715882052,0.0,0.0,13445.0,0.0,0.0,24939.0,0.00107122154,149.0,1750.0,88.0,47.0,88.0,0.00823004171,47.0,149.0,0.0,47.0,0.0,0.0,11695.0,0.0,149.0,88.0,284.0,NaN,NaN
DDR4_3200W_x8_cfg.yaml,654,3770890.0,11437334.0,6.0,887588.0,2434862.0,202538.0,2047134.0,174857.0,10000000.0,0.0,17928.0,191241.0,4289000.0,68.5905838,71.497406,1.86215758,1229692.0,3048331.0,11061340.0,0.0,17928.0,13673235.0,0.00611214712,177393.0,26215.0,7320.0,24456.0,5755.0,2.57900214,14217.0,171269.0,0.710732341,14217.0,1565.0,10239.0,7986794.0,6124.0,171269.0,5755.0,191241.0,NaN,NaN
DDR4_2666T_x4_cfg.yaml,600,61318.0,4510024.0,254.0,8307.0,2452227.0,511.0,1518325.0,0.0,10000000.0,0.0,0.0,3487.0,1691259.0,NaN,73.141098,0.0783647001,0.0,0.0,135880.0,0.0,0.0,255043.0,0.00197781646,2302.0,3345.0,741.0,444.0,741.0,0.0803425163,444.0,2302.0,0.0,444.0,0.0,0.0,132535.0,0.0,2302.0,741.0,3487.0,NaN,NaN
DDR4_2666T_x4_cfg.yaml,602,2948997.0,8439311.0,108.0,1199848.0,2802947.0,1516.0,52147.0,181510.0,10000000.0,0.0,407.0,197891.0,3164742.0,56.4201469,48.9875679,1.66067624,22963.0,79124.0,5351602.0,0.0,407.0,9694199.0,0.00532934442,191085.0,16866.0,4709.0,2504.0,4660.0,1.69100738,2308.0,190923.0,0.0250017215,2308.0,49.0,196.0,5255612.0,162.0,190923.0,4660.0,197891.0,NaN,NaN
DDR4_2666T_x4_cfg.yaml,605,1340459.0,6816357.0,152786.0,456053.0,2894404.0,2040.0,779294.0,129090.0,10000000.0,0.0,274.0,145474.0,2556134.0,69.7664261,95.4141693,3.05401039,19116.0,106954.0,7929890.0,0.0,274.0,13880281.0,0.00644567143,87316.0,16476.0,6427.0,52005.0,6413.0,3.10229826,51756.0,87305.0,0.0418420956,51756.0,14.0,249.0,7806460.0,11.0,87305.0,6413.0,145474.0,NaN,NaN
DDR4_2666T_x4_cfg.yaml,625,694635.0,5884567.0,1725.0,75870.0,2646817.0,11921.0,1327897.0,21573.0,10000000.0,0.0,965.0,37957.0,2206713.0,61.7295341,88.4908676,0.91701597,59569.0,76240.0,2111816.0,0.0,965.0,3358848.0,0.00543115474,26989.0,11985.0,4057.0,7876.0,3934.0,0.956996202,7264.0,26759.0,0.0345491245,7264.0,123.0,612.0,2023591.0,230.0,26759.0,3934.0,37957.0,NaN,NaN
DDR4_2666T_x4_cfg.yaml,631,238208.0,4542229.0,0.0,14754.0,2446877.0,11353.0,1180453.0,4.0,10000000.0,0.0,1.0,5531.0,1703336.0,72.0,95.8421631,0.157660022,72.0,78.0,277239.0,0.0,1.0,530103.0,0.00505654793,1842.0,8613.0,2529.0,1161.0,2529.0,0.162762374,1160.0,1842.0,4.57924907,1160.0,0.0,1.0,268548.0,0.0,1842.0,2529.0,5531.0,NaN,NaN
DDR4_2666T_x4_cfg.yaml,657,365185.0,5134847.0,0.0,40025.0,2523907.0,34.0,644922.0,34.0,10000000.0,0.0,0.0,15959.0,1925568.0,NaN,62.4286613,0.337806821,0.0,0.0,658509.0,0.0,0.0,996299.0,0.00417487184,15645.0,8039.0,314.0,0.0,314.0,0.341981679,0.0,15645.0,0.0,0.0,0.0,0.0,650470.0,0.0,15645.0,314.0,15959.0,NaN,NaN
DDR4_2666T_x4_cfg.yaml,641,78979.0,4224748.0,159.0,3935.0,2473085.0,750.0,942671.0,0.0,10000000.0,0.0,0.0,1939.0,1584281.0,NaN,85.9871063,0.0525456034,0.0,0.0,89860.0,0.0,0.0,166729.0,0.0041741333,813.0,6613.0,880.0,246.0,880.0,0.0567197353,246.0,813.0,0.0,246.0,0.0,0.0,83247.0,0.0,813.0,880.0,1939.0,NaN,NaN
DDR4_2666T_x4_cfg.yaml,648,3327.0,4671403.0,154.0,905.0,2456157.0,141.0,1559963.0,0.0,10000000.0,0.0,0.0,220.0,1751776.0,NaN,74.2545471,0.00560516864,0.0,0.0,10349.0,0.0,0.0,16336.0,0.000302550092,172.0,530.0,39.0,9.0,39.0,0.00590771902,9.0,172.0,0.0,9.0,0.0,0.0,9819.0,0.0,172.0,39.0,220.0,NaN,NaN
DDR4_2666T_x4_cfg.yaml,620,2139469.0,8910355.0,38753.0,215088.0,2603248.0,36174.0,1401099.0,96744.0,10000000.0,0.0,18390.0,113126.0,3341383.0,70.1835251,96.9457169,1.6298033,1290675.0,1948923.0,7418481.0,0.0,18390.0,10967081.0,0.00711112749,51965.0,23761.0,10819.0,68732.0,9570.0,2.2201829,51949.0,51607.0,0.583268344,51949.0,1249.0,16783.0,5445797.0,358.0,51607.0,9570.0,113126.0,NaN,NaN
DDR4_2666T_x4_cfg.yaml,623,2761004.0,10182917.0,4213.0,882930.0,2702971.0,1857.0,126493.0,251653.0,10000000.0,0.0,426.0,268037.0,3818594.0,65.8544617,66.7994461,3.01276946,28054.0,31472.0,11558176.0,0.0,426.0,17904725.0,0.00580344489,249871.0,22161.0,10688.0,7904.0,10614.0,3.0268147,7592.0,249831.0,0.00824177731,7592.0,74.0,312.0,11504543.0,40.0,249831.0,10614.0,268037.0,NaN,NaN
DDR4_2666T_x4_cfg.yaml,603,5628494.0,18816967.0,236810.0,408945.0,3900650.0,1048.0,517605.0,106682.0,10000000.0,0.0,192.0,123066.0,7056363.0,49.421875,315.784637,4.50437307,9489.0,128416.0,31957507.0,0.0,192.0,38862351.0,0.0063205366,34257.0,44600.0,2860.0,86141.0,2837.0,4.52889252,86088.0,34141.0,0.0181986094,86088.0,23.0,53.0,31784491.0,116.0,34141.0,2837.0,123066.0,NaN,NaN
DDR4_2666T_x4_cfg.yaml,607,15456814.0,41222084.0,690169.0,3040815.0,3159856.0,139080.0,863845.0,1259510.0,10000000.0,0.0,25715.0,1275894.0,15458282.0,39.5278244,142.191101,9.49055099,1016458.0,150643872.0,297450181.0,0.0,25715.0,181420763.0,0.00638460321,1142999.0,98695.0,6435.0,152165.0,5973.0,19.2421246,151236.0,1118679.0,9.74518871,151236.0,462.0,929.0,146707614.0,24320.0,1118679.0,5973.0,1275894.0,NaN,NaN
DDR4_2666T_x4_cfg.yaml,619,1842298.0,7840096.0,0.0,894633.0,2690737.0,53564.0,1689440.0,127542.0,10000000.0,0.0,20232.0,143926.0,2940036.0,42.638195,64.2165833,2.01410866,862656.0,3159327.0,9097926.0,0.0,20232.0,9242436.0,0.00579822855,154658.0,17047.0,2721.0,6779.0,2487.0,3.09449482,4136.0,137303.0,1.07458782,4136.0,234.0,2643.0,5921552.0,17355.0,137303.0,2487.0,143926.0,NaN,NaN
DDR4_2666T_x4_cfg.yaml,621,3239906.0,10752114.0,51682.0,783201.0,3788349.0,22441.0,453726.0,290496.0,10000000.0,0.0,4544.0,306880.0,4032043.0,49.590229,62.8284035,2.86409092,225338.0,990991.0,12563060.0,0.0,4544.0,19280781.0,0.00593520468,283238.0,23931.0,6102.0,22084.0,5942.0,3.11580515,20615.0,280323.0,0.245778874,20615.0,160.0,1469.0,11548138.0,2915.0,280323.0,5942.0,306880.0,NaN,NaN
DDR4_2666T_x4_cfg.yaml,628,1012553.0,7797852.0,31338.0,221086.0,2888623.0,36514.0,2677044.0,54747.0,10000000.0,0.0,1187.0,71131.0,2924195.0,53.7110367,86.4139252,1.38328493,63755.0,365384.0,4425620.0,0.0,1187.0,6146709.0,0.0052120327,58943.0,15241.0,3228.0,10147.0,3027.0,1.51344895,9699.0,58405.0,0.124951996,9699.0,201.0,448.0,4044995.0,538.0,58405.0,3027.0,71131.0,NaN,NaN
DDR4_2666T_x4_cfg.yaml,638,142754.0,4652507.0,286.0,10531.0,2671751.0,249.0,1106106.0,0.0,10000000.0,0.0,0.0,2705.0,1744690.0,NaN,81.7833633,0.0761057809,0.0,0.0,141023.0,0.0,0.0,221224.0,0.00472404854,1798.0,8242.0,888.0,19.0,888.0,0.080829829,19.0,1798.0,0.0,19.0,0.0,0.0,132781.0,0.0,1798.0,888.0,2705.0,NaN,NaN
DDR4_2666T_x4_cfg.yaml,644,352663.0,4943495.0,0.0,28347.0,2889827.0,24.0,256393.0,0.0,10000000.0,0.0,0.0,10722.0,1853811.0,NaN,57.6326256,0.19587703,0.0,0.0,371055.0,0.0,0.0,617937.0,0.00428091083,9943.0,7936.0,637.0,142.0,637.0,0.20015794,142.0,9943.0,0.0,142.0,0.0,0.0,363119.0,0.0,9943.0,637.0,10722.0,NaN,NaN
DDR4_2666T_x4_cfg.yaml,649,9374.0,4357687.0,0.0,556.0,2446933.0,185.0,1544168.0,0.0,10000000.0,0.0,0.0,284.0,1634133.0,NaN,83.7007065,0.00732253725,0.0,0.0,13670.0,0.0,0.0,23771.0,0.00104275474,139.0,1704.0,98.0,47.0,98.0,0.0083652921,47.0,139.0,0.0,47.0,0.0,0.0,11966.0,0.0,139.0,98.0,284.0,NaN,NaN
DDR4_2666T_x4_cfg.yaml,654,3365145.0,10363336.0,4.0,889562.0,2434872.0,200391.0,2047132.0,174858.0,10000000.0,0.0,17928.0,191242.0,3886251.0,58.7995872,62.1030159,1.7847923,1054159.0,2359126.0,9319425.0,0.0,17928.0,11876705.0,0.0062137004,177719.0,24148.0,7146.0,24305.0,5567.0,2.39805031,14127.0,171548.0,0.60704416,14127.0,1579.0,10178.0,6936151.0,6171.0,171548.0,5567.0,191242.0,NaN,NaN
DDR4_1600J_x4_cfg.yaml,600,42369.0,4460725.0,220.0,8308.0,2452197.0,519.0,1518321.0,0.0,10000000.0,0.0,0.0,3487.0,1672772.0,NaN,47.0734138,0.0501365401,0.0,0.0,86341.0,0.0,0.0,164145.0,0.00147898216,2258.0,2474.0,828.0,401.0,828.0,0.0516155213,401.0,2258.0,0.0,401.0,0.0,0.0,83867.0,0.0,2258.0,828.0,3487.0,NaN,NaN
DDR4_1600J_x4_cfg.yaml,602,2331514.0,6969087.0,87.0,1200308.0,2802926.0,1384.0,52147.0,181510.0,10000000.0,0.0,407.0,197891.0,2613408.0,36.4250603,33.3498726,1.39790916,14825.0,36887.0,3703992.0,0.0,407.0,6599640.0,0.00527969608,190809.0,13798.0,5180.0,2309.0,5129.0,1.41730332,2102.0,190660.0,0.0141145205,2102.0,51.0,207.0,3653307.0,149.0,190660.0,5129.0,197891.0,NaN,NaN
DDR4_1600J_x4_cfg.yaml,605,1026831.0,6017845.0,96990.0,399425.0,2838937.0,1684.0,778965.0,129090.0,10000000.0,0.0,274.0,145474.0,2256692.0,43.6496353,64.4558029,2.30047035,11960.0,34182.0,5239389.0,0.0,274.0,9376643.0,0.00609476166,86931.0,13754.0,7852.0,50965.0,7837.0,2.32171202,50717.0,86920.0,0.0151469493,50717.0,15.0,248.0,5191453.0,11.0,86920.0,7837.0,145474.0,NaN,NaN
DDR4_1600J_x4_cfg.yaml,625,520054.0,5435866.0,1061.0,75628.0,2646590.0,10344.0,1327460.0,21573.0,10000000.0,0.0,965.0,37957.0,2038450.0,39.051815,61.4972458,0.706137478,37685.0,52990.0,1503251.0,0.0,965.0,2334251.0,0.00531531312,26074.0,10835.0,5701.0,7147.0,5555.0,0.737448037,6542.0,25860.0,0.0259952415,6542.0,146.0,605.0,1439426.0,214.0,25860.0,5555.0,37957.0,NaN,NaN
DDR4_1600J_x4_cfg.yaml,631,150849.0,4395115.0,0.0,14741.0,2446877.0,11296.0,1180453.0,4.0,10000000.0,0.0,1.0,5531.0,1648168.0,45.0,59.8226357,0.103350505,45.0,49.0,178722.0,0.0,1.0,330879.0,0.00505652325,1817.0,8334.0,2875.0,840.0,2875.0,0.108436763,839.0,1817.0,2.97299794,839.0,0.0,1.0,170339.0,0.0,1817.0,2875.0,5531.0,NaN,NaN
DDR4_1600J_x4_cfg.yaml,657,279494.0,4906367.0,0.0,40025.0,2523907.0,37.0,644922.0,34.0,10000000.0,0.0,0.0,15959.0,1839888.0,NaN,45.5816765,0.269313127,0.0,0.0,502088.0,0.0,0.0,727438.0,0.00357739162,15536.0,6582.0,423.0,0.0,423.0,0.272890538,0.0,15536.0,0.0,0.0,0.0,0.0,495506.0,0.0,15536.0,423.0,15959.0,NaN,NaN
DDR4_1600J_x4_cfg.yaml,641,49602.0,4146903.0,117.0,3910.0,2473059.0,723.0,942655.0,0.0,10000000.0,0.0,0.0,1939.0,1555089.0,NaN,54.6854057,0.0342636332,0.0,0.0,59101.0,0.0,0.0,106035.0,0.00374126504,778.0,5818.0,977.0,184.0,977.0,0.0380048975,184.0,778.0,0.0,184.0,0.0,0.0,53283.0,0.0,778.0,977.0,1939.0,NaN,NaN
DDR4_1600J_x4_cfg.yaml,648,2794.0,4670128.0,73.0,826.0,2456076.0,140.0,1559963.0,0.0,10000000.0,0.0,0.0,220.0,1751298.0,NaN,55.2409096,0.00443956442,0.0,0.0,8275.0,0.0,0.0,12153.0,0.000285502523,171.0,500.0,40.0,9.0,40.0,0.00472506694,9.0,171.0,0.0,9.0,0.0,0.0,7775.0,0.0,171.0,40.0,220.0,NaN,NaN
DDR4_1600J_x4_cfg.yaml,620,1499173.0,7187771.0,28032.0,206360.0,2594230.0,34528.0,1399396.0,96744.0,10000000.0,0.0,18390.0,113126.0,2695414.0,43.7406197,63.0918427,1.33921945,804390.0,1166358.0,4794085.0,0.0,18390.0,7137328.0,0.0066691055,51707.0,17976.0,13971.0,65838.0,12365.0,1.77860808,49409.0,51352.0,0.432719439,49409.0,1606.0,16429.0,3609751.0,355.0,51352.0,12365.0,113126.0,NaN,NaN
DDR4_1600J_x4_cfg.yaml,623,1998553.0,8235976.0,2595.0,861188.0,2700485.0,2713.0,127361.0,251653.0,10000000.0,0.0,426.0,268037.0,3088491.0,40.4225349,45.5906715,2.57283163,17220.0,18168.0,7981258.0,0.0,426.0,12219987.0,0.0054793749,249444.0,16923.0,13363.0,5656.0,13250.0,2.58419347,5384.0,249403.0,0.00588248437,5384.0,113.0,272.0,7946167.0,41.0,249403.0,13250.0,268037.0,NaN,NaN
DDR4_1600J_x4_cfg.yaml,603,3593872.0,13372663.0,192340.0,364486.0,3856180.0,862.0,517605.0,106682.0,10000000.0,0.0,192.0,123066.0,5014749.0,32.03125,201.134613,4.06249809,6150.0,79781.0,20481676.0,0.0,192.0,24752832.0,0.00587985571,33920.0,29486.0,3346.0,85992.0,3315.0,4.08428717,85940.0,33811.0,0.0159092713,85940.0,31.0,52.0,20372409.0,109.0,33811.0,3315.0,123066.0,NaN,NaN
DDR4_1600J_x4_cfg.yaml,607,11567516.0,30920636.0,2088274.0,4493966.0,4524474.0,159632.0,897332.0,1259510.0,10000000.0,0.0,25715.0,1275888.0,11595239.0,25.6614819,116.000938,10.650816,659885.0,92563706.0,216137607.0,0.0,25715.0,148004213.0,0.00648050476,1079865.0,75143.0,7693.0,214041.0,6747.0,18.6402016,213661.0,1055478.0,7.98290586,213661.0,946.0,380.0,123498758.0,24387.0,1055478.0,6747.0,1275888.0,NaN,NaN
DDR4_1600J_x4_cfg.yaml,619,1367231.0,6617627.0,0.0,894313.0,2690737.0,55111.0,1689440.0,127542.0,10000000.0,0.0,20232.0,143926.0,2481610.0,27.8677349,43.1007538,1.60961556,563820.0,2258011.0,6266232.0,0.0,20232.0,6203319.0,0.0055540558,153953.0,13783.0,3160.0,7045.0,2928.0,2.52506709,4260.0,136738.0,0.909897625,4260.0,232.0,2785.0,3994438.0,17215.0,136738.0,2928.0,143926.0,NaN,NaN
DDR4_1600J_x4_cfg.yaml,621,2531991.0,8755280.0,39045.0,777159.0,3776026.0,24477.0,453412.0,290496.0,10000000.0,0.0,4544.0,306880.0,3283230.0,32.5814247,44.0951462,2.56274366,148050.0,516909.0,8950106.0,0.0,4544.0,13531919.0,0.00582353352,282288.0,19120.0,6846.0,22290.0,6665.0,2.72600651,20658.0,279557.0,0.157439172,20658.0,181.0,1632.0,8414077.0,2731.0,279557.0,6665.0,306880.0,NaN,NaN
DDR4_1600J_x4_cfg.yaml,628,713977.0,7014763.0,15748.0,205424.0,2873098.0,36823.0,2676979.0,54746.0,10000000.0,0.0,1187.0,71130.0,2630536.0,34.3681564,55.2649803,0.971016943,40795.0,185286.0,2751737.0,0.0,1187.0,3930998.0,0.00462111132,58827.0,12156.0,3430.0,10060.0,3220.0,1.04607463,9609.0,58301.0,0.0704365969,9609.0,210.0,451.0,2554295.0,526.0,58301.0,3220.0,71130.0,NaN,NaN
DDR4_1600J_x4_cfg.yaml,638,79469.0,4484616.0,213.0,10459.0,2671679.0,244.0,1106105.0,0.0,10000000.0,0.0,0.0,2705.0,1681731.0,NaN,49.6635857,0.0419650935,0.0,0.0,78431.0,0.0,0.0,134340.0,0.00467197178,1449.0,7857.0,1238.0,18.0,1238.0,0.0466370657,18.0,1449.0,0.0,18.0,0.0,0.0,70574.0,0.0,1449.0,1238.0,2705.0,NaN,NaN
DDR4_1600J_x4_cfg.yaml,644,262789.0,4704829.0,0.0,28342.0,2889827.0,24.0,256393.0,0.0,10000000.0,0.0,0.0,10722.0,1764311.0,NaN,41.2180557,0.154097542,0.0,0.0,278747.0,0.0,0.0,441940.0,0.00389443804,9835.0,6871.0,752.0,135.0,752.0,0.15799199,135.0,9835.0,0.0,135.0,0.0,0.0,271876.0,0.0,9835.0,752.0,10722.0,NaN,NaN
DDR4_1600J_x4_cfg.yaml,649,5321.0,4350151.0,0.0,558.0,2446933.0,185.0,1544168.0,0.0,10000000.0,0.0,0.0,284.0,1631307.0,NaN,52.2887306,0.00403051032,0.0,0.0,8136.0,0.0,0.0,14850.0,0.000956901407,101.0,1561.0,137.0,46.0,137.0,0.00498741213,46.0,101.0,0.0,46.0,0.0,0.0,6575.0,0.0,101.0,137.0,284.0,NaN,NaN
DDR4_1600J_x4_cfg.yaml,654,2366656.0,7976691.0,0.0,904357.0,2434872.0,192464.0,2047128.0,174858.0,10000000.0,0.0,17928.0,191242.0,2991259.0,35.6364365,39.9485664,1.48802495,638890.0,931264.0,5400551.0,0.0,17928.0,7639844.0,0.00609074626,180569.0,18219.0,7002.0,21598.0,5319.0,1.80544412,12905.0,173017.0,0.311328441,12905.0,1683.0,8693.0,4451068.0,7552.0,173017.0,5319.0,191242.0,NaN,NaN
DDR5_3200AN_x8_cfg.yaml,600,75971.0,4548741.0,442.0,8499.0,2452408.0,529.0,1518332.0,0.0,10000000.0,0.0,0.0,3487.0,1705778.0,NaN,102.438484,0.100610398,0.0,0.0,177589.0,0.0,0.0,357203.0,0.00349986926,2210.0,5970.0,1010.0,267.0,1010.0,0.104110263,267.0,2210.0,0.0,267.0,0.0,0.0,171619.0,0.0,2210.0,1010.0,3487.0,0.0,0.0
DDR5_3200AN_x8_cfg.yaml,602,3914273.0,10804017.0,224.0,1199592.0,2803063.0,1663.0,52147.0,181510.0,10000000.0,0.0,407.0,197892.0,4051506.0,104.358719,74.1300583,1.93545091,42474.0,92139.0,7985568.0,0.0,407.0,14669746.0,0.0128194308,188864.0,51938.0,7927.0,1508.0,7856.0,1.97101223,1320.0,188716.0,0.0227419138,1320.0,71.0,188.0,7841491.0,148.0,188716.0,7856.0,197892.0,0.0,0.0
DDR5_3200AN_x8_cfg.yaml,605,1834988.0,8146325.0,190575.0,490464.0,2931820.0,2408.0,779667.0,129090.0,10000000.0,0.0,274.0,145474.0,3054872.0,121.18248,135.819534,3.28482318,33204.0,63340.0,10143925.0,0.0,274.0,19758213.0,0.0150156869,81969.0,45871.0,19839.0,43940.0,19802.0,3.32057285,43712.0,81960.0,0.0207340922,43712.0,37.0,228.0,10034714.0,9.0,81960.0,19802.0,145474.0,0.0,0.0
DDR5_3200AN_x8_cfg.yaml,625,959278.0,6568738.0,1724.0,76162.0,2646897.0,13251.0,1327816.0,21573.0,10000000.0,0.0,965.0,37957.0,2463277.0,111.525391,132.151901,1.05946994,107622.0,103119.0,2744531.0,0.0,965.0,5016090.0,0.0128463022,21005.0,31644.0,9823.0,8094.0,9589.0,1.11417878,7537.0,20831.0,0.0418625288,7537.0,234.0,557.0,2609768.0,174.0,20831.0,9589.0,37957.0,0.0,0.0
DDR5_3200AN_x8_cfg.yaml,631,287341.0,4631709.0,0.0,14745.0,2446877.0,11439.0,1180453.0,4.0,10000000.0,0.0,1.0,5531.0,1736891.0,126.0,122.422165,0.177591458,126.0,398.0,329672.0,0.0,1.0,677117.0,0.0119852079,1775.0,20817.0,3318.0,439.0,3318.0,0.189805806,438.0,1775.0,0.000229145066,438.0,0.0,1.0,308457.0,0.0,1775.0,3318.0,5531.0,0.0,0.0
DDR5_3200AN_x8_cfg.yaml,657,492293.0,5473839.0,0.0,40025.0,2523907.0,37.0,644922.0,34.0,10000000.0,0.0,0.0,15959.0,2052690.0,NaN,89.0163574,0.429619193,0.0,0.0,903306.0,0.0,0.0,1420612.0,0.0104404464,15376.0,21431.0,583.0,0.0,583.0,0.440059632,0.0,15376.0,0.0,0.0,0.0,0.0,881875.0,0.0,15376.0,583.0,15959.0,0.0,0.0
DDR5_3200AN_x8_cfg.yaml,641,95048.0,4263241.0,394.0,4118.0,2473256.0,962.0,942735.0,0.0,10000000.0,0.0,0.0,1939.0,1598715.0,NaN,117.432182,0.0646406636,0.0,0.0,117104.0,0.0,0.0,227701.0,0.00860816333,733.0,13762.0,1081.0,125.0,1081.0,0.073248826,125.0,733.0,0.0,125.0,0.0,0.0,103342.0,0.0,733.0,1081.0,1939.0,0.0,0.0
DDR5_3200AN_x8_cfg.yaml,648,4229.0,4673702.0,203.0,956.0,2456206.0,146.0,1559963.0,0.0,10000000.0,0.0,0.0,220.0,1752638.0,NaN,102.563637,0.00709102489,0.0,0.0,13237.0,0.0,0.0,22564.0,0.000461589894,170.0,809.0,49.0,1.0,49.0,0.0075526149,1.0,170.0,0.0,1.0,0.0,0.0,12428.0,0.0,170.0,49.0,220.0,0.0,0.0
DDR5_3200AN_x8_cfg.yaml,620,2869121.0,10826126.0,55836.0,227133.0,2615834.0,41188.0,1405596.0,96744.0,10000000.0,0.0,18390.0,113126.0,4059797.0,120.17292,136.658951,1.83533561,2209980.0,2358823.0,9885871.0,0.0,18390.0,15459681.0,0.018709803,50115.0,75958.0,32600.0,48801.0,28733.0,2.43506527,34577.0,49816.0,0.581019938,34577.0,3867.0,14224.0,7451090.0,299.0,49816.0,28733.0,113126.0,0.0,0.0
DDR5_3200AN_x8_cfg.yaml,623,3677057.0,12754112.0,2428.0,849489.0,2701009.0,1992.0,126670.0,251653.0,10000000.0,0.0,426.0,268037.0,4782792.0,112.929581,97.1712875,3.35060358,48108.0,38117.0,16127602.0,0.0,426.0,26045501.0,0.0134325307,242411.0,64245.0,23259.0,2793.0,23099.0,3.3720057,2563.0,242375.0,0.00796961319,2563.0,160.0,230.0,16025240.0,36.0,242375.0,23099.0,268037.0,0.0,0.0
DDR5_3200AN_x8_cfg.yaml,603,7232118.0,23077938.0,369714.0,541541.0,4033554.0,1122.0,517605.0,106682.0,10000000.0,0.0,192.0,123066.0,8654227.0,96.5,422.405365,4.80406141,18528.0,163640.0,41863643.0,0.0,192.0,51983739.0,0.0143930819,31914.0,124561.0,5735.0,85609.0,5695.0,4.83736372,85555.0,31816.0,0.0189086795,85555.0,40.0,54.0,41575442.0,98.0,31816.0,5695.0,123066.0,0.0,0.0
DDR5_3200AN_x8_cfg.yaml,607,22703681.0,60601149.0,3436665.0,5768965.0,5805413.0,220069.0,964784.0,1259510.0,10000000.0,0.0,25715.0,1275894.0,22725431.0,80.0026474,247.151108,11.3565121,2057268.0,183795752.0,442207342.0,0.0,25715.0,315338640.0,0.0145183159,1069567.0,329935.0,14753.0,217272.0,13657.0,19.4586983,216726.0,1045507.0,8.08766747,216726.0,1096.0,546.0,258081655.0,24060.0,1045507.0,13657.0,1275894.0,0.0,0.0
DDR5_3200AN_x8_cfg.yaml,619,2639136.0,9982838.0,0.0,894297.0,2690737.0,61285.0,1689440.0,127542.0,10000000.0,0.0,20232.0,143926.0,3743564.0,85.289444,100.726738,2.50655675,1725576.0,6340061.0,15778496.0,0.0,20232.0,14497197.0,0.0146862725,152594.0,54979.0,5124.0,6440.0,4701.0,4.21483278,3579.0,135646.0,1.69358957,3579.0,423.0,2861.0,9383456.0,16948.0,135646.0,4701.0,143926.0,0.0,0.0
DDR5_3200AN_x8_cfg.yaml,621,4678388.0,14483090.0,80721.0,816203.0,3816461.0,24780.0,454653.0,290496.0,10000000.0,0.0,4544.0,306880.0,5431159.0,95.1919022,98.1655655,3.39361,432552.0,1475472.0,19981548.0,0.0,4544.0,30125048.0,0.0137795638,281667.0,74839.0,12300.0,17457.0,12011.0,3.67905784,15974.0,278895.0,0.271667987,15974.0,289.0,1483.0,18431237.0,2772.0,278895.0,12011.0,306880.0,0.0,0.0
DDR5_3200AN_x8_cfg.yaml,628,1313839.0,8573371.0,42499.0,230882.0,2898411.0,45473.0,2678417.0,54745.0,10000000.0,0.0,1187.0,71129.0,3215014.0,99.978096,121.2444,1.63145173,118674.0,438489.0,5722954.0,0.0,1187.0,8623993.0,0.0122316731,55694.0,39325.0,4912.0,11710.0,4659.0,1.78007126,11293.0,55177.0,0.1363879,11293.0,253.0,417.0,5245140.0,517.0,55177.0,4659.0,71129.0,0.0,0.0
DDR5_3200AN_x8_cfg.yaml,638,162011.0,4700211.0,476.0,10714.0,2671931.0,278.0,1106116.0,0.0,10000000.0,0.0,0.0,2705.0,1762579.0,NaN,108.36599,0.0801087469,0.0,0.0,152727.0,0.0,0.0,293130.0,0.00654098345,1374.0,11529.0,1321.0,10.0,1321.0,0.0866497308,10.0,1374.0,0.0,10.0,0.0,0.0,141198.0,0.0,1374.0,1321.0,2705.0,0.0,0.0
DDR5_3200AN_x8_cfg.yaml,644,478987.0,5279002.0,0.0,28343.0,2889827.0,24.0,256393.0,0.0,10000000.0,0.0,0.0,10722.0,1979626.0,NaN,82.9700623,0.250606418,0.0,0.0,515328.0,0.0,0.0,889605.0,0.00970940944,9733.0,19221.0,921.0,68.0,921.0,0.260315835,68.0,9733.0,0.0,68.0,0.0,0.0,496107.0,0.0,9733.0,921.0,10722.0,0.0,0.0
DDR5_3200AN_x8_cfg.yaml,649,12601.0,4362074.0,0.0,557.0,2446933.0,188.0,1544168.0,0.0,10000000.0,0.0,0.0,284.0,1635778.0,NaN,124.545776,0.00963333622,0.0,0.0,20456.0,0.0,0.0,35371.0,0.00287202792,93.0,4698.0,150.0,41.0,150.0,0.0125053646,41.0,93.0,0.0,41.0,0.0,0.0,15758.0,0.0,93.0,150.0,284.0,0.0,0.0
DDR5_3200AN_x8_cfg.yaml,654,4691572.0,13744275.0,14.0,879812.0,2434872.0,207140.0,2047142.0,174858.0,10000000.0,0.0,17928.0,191242.0,5154103.0,107.190094,94.1216888,2.04980779,1921704.0,3607434.0,14257591.0,0.0,17928.0,18000021.0,0.0165375043,176326.0,85236.0,11828.0,21016.0,9643.0,2.76626039,11206.0,170393.0,0.699914992,11206.0,2185.0,9810.0,10564921.0,5933.0,170393.0,9643.0,191242.0,0.0,0.0
DDR5_3200AN_x4_cfg.yaml,600,76140.0,4548581.0,421.0,8510.0,2452407.0,511.0,1518312.0,0.0,10000000.0,0.0,0.0,3487.0,1705718.0,NaN,101.755661,0.102243163,0.0,0.0,180076.0,0.0,0.0,354822.0,0.00332880346,2287.0,5678.0,962.0,238.0,962.0,0.105571963,238.0,2287.0,0.0,238.0,0.0,0.0,174398.0,0.0,2287.0,962.0,3487.0,0.0,0.0
DDR5_3200AN_x4_cfg.yaml,602,3886658.0,10691636.0,180.0,1199846.0,2803019.0,1670.0,52147.0,181510.0,10000000.0,0.0,407.0,197892.0,4009364.0,94.511055,73.2125092,1.93437433,38466.0,74116.0,7880318.0,0.0,407.0,14488170.0,0.0126182111,190748.0,50591.0,6434.0,1117.0,6338.0,1.9654783,1025.0,190529.0,0.0184857249,1025.0,96.0,92.0,7755611.0,219.0,190529.0,6338.0,197892.0,0.0,0.0
DDR5_3200AN_x4_cfg.yaml,605,1800909.0,8053277.0,170577.0,470612.0,2911920.0,2320.0,779569.0,129090.0,10000000.0,0.0,274.0,145474.0,3019979.0,117.065697,132.036926,3.35218167,32076.0,66129.0,10234393.0,0.0,274.0,19207939.0,0.0148166595,89571.0,44746.0,19229.0,36948.0,19161.0,3.38889551,36759.0,89554.0,0.0218971726,36759.0,68.0,189.0,10123518.0,17.0,89554.0,19161.0,145474.0,0.0,0.0
DDR5_3200AN_x4_cfg.yaml,625,953577.0,6551855.0,2058.0,76349.0,2647030.0,13691.0,1328017.0,21573.0,10000000.0,0.0,965.0,37957.0,2456946.0,103.492226,129.305923,1.17017913,99870.0,99263.0,3005906.0,0.0,965.0,4908065.0,0.0128517272,25995.0,31576.0,7193.0,5734.0,6868.0,1.22343183,5384.0,25705.0,0.0404009707,5384.0,325.0,350.0,2875067.0,290.0,25705.0,6868.0,37957.0,0.0,0.0
DDR5_3200AN_x4_cfg.yaml,631,289107.0,4637728.0,0.0,14748.0,2446877.0,11464.0,1180453.0,4.0,10000000.0,0.0,1.0,5531.0,1739148.0,126.0,122.765503,0.179424644,126.0,77.0,333210.0,0.0,1.0,679016.0,0.0121249026,1810.0,21087.0,3284.0,438.0,3284.0,0.191593811,437.0,1810.0,4.42745513,437.0,0.0,1.0,312046.0,0.0,1810.0,3284.0,5531.0,0.0,0.0
DDR5_3200AN_x4_cfg.yaml,657,466209.0,5404261.0,0.0,40025.0,2523907.0,37.0,644922.0,34.0,10000000.0,0.0,0.0,15959.0,2026598.0,NaN,85.7830658,0.412741452,0.0,0.0,854739.0,0.0,0.0,1369012.0,0.0090190554,15505.0,18278.0,454.0,0.0,454.0,0.421760499,0.0,15505.0,0.0,0.0,0.0,0.0,836461.0,0.0,15505.0,454.0,15959.0,0.0,0.0
DDR5_3200AN_x4_cfg.yaml,641,94802.0,4263172.0,351.0,4056.0,2473209.0,947.0,942739.0,0.0,10000000.0,0.0,0.0,1939.0,1598690.0,NaN,117.674057,0.0678392947,0.0,0.0,122351.0,0.0,0.0,228170.0,0.00869274233,802.0,13897.0,1046.0,91.0,1046.0,0.0765320361,91.0,802.0,0.0,91.0,0.0,0.0,108454.0,0.0,802.0,1046.0,1939.0,0.0,0.0
DDR5_3200AN_x4_cfg.yaml,648,4231.0,4673648.0,167.0,926.0,2456170.0,143.0,1559963.0,0.0,10000000.0,0.0,0.0,220.0,1752618.0,NaN,103.722725,0.00749279093,0.0,0.0,13893.0,0.0,0.0,22819.0,0.000434207555,173.0,761.0,43.0,4.0,43.0,0.00792699866,4.0,173.0,0.0,4.0,0.0,0.0,13132.0,0.0,173.0,43.0,220.0,0.0,0.0
DDR5_3200AN_x4_cfg.yaml,620,2779496.0,10551083.0,48597.0,221463.0,2609885.0,39940.0,1404306.0,96744.0,10000000.0,0.0,18390.0,113126.0,3956656.0,117.006851,133.017181,1.85837913,2151756.0,2061927.0,9488592.0,0.0,18390.0,15047701.0,0.0186263341,54929.0,73698.0,32210.0,44377.0,26415.0,2.39813423,32330.0,54381.0,0.521128714,32330.0,5795.0,12047.0,7352967.0,548.0,54381.0,26415.0,113126.0,0.0,0.0
DDR5_3200AN_x4_cfg.yaml,623,3642336.0,12618352.0,2746.0,860696.0,2701536.0,1827.0,126461.0,251653.0,10000000.0,0.0,426.0,268037.0,4731882.0,106.901405,95.6252289,3.3806119,45540.0,35015.0,16093305.0,0.0,426.0,25631099.0,0.0130250501,249256.0,61633.0,17210.0,1997.0,16971.0,3.40103674,1860.0,249206.0,0.00739980396,1860.0,239.0,137.0,15996657.0,50.0,249206.0,16971.0,268037.0,0.0,0.0
DDR5_3200AN_x4_cfg.yaml,603,7237718.0,23091007.0,375015.0,547049.0,4038855.0,1116.0,517605.0,106682.0,10000000.0,0.0,192.0,123066.0,8659128.0,93.25,422.735962,4.80971813,17904.0,158471.0,41923160.0,0.0,192.0,52024423.0,0.0134798791,32291.0,116724.0,5576.0,85391.0,5534.0,4.84149885,85351.0,32181.0,0.0183010343,85351.0,42.0,40.0,41647965.0,110.0,32181.0,5534.0,123066.0,0.0,0.0
DDR5_3200AN_x4_cfg.yaml,607,23267542.0,62085280.0,2986284.0,5345824.0,5373323.0,195904.0,946493.0,1259510.0,10000000.0,0.0,25715.0,1275894.0,23281980.0,79.1906662,253.273483,11.4461517,2036388.0,275424244.0,542214000.0,0.0,25715.0,323150099.0,0.0129147954,1078748.0,300682.0,10221.0,212625.0,9269.0,23.2889996,212442.0,1054181.0,11.8299322,212442.0,952.0,183.0,266489074.0,24567.0,1054181.0,9269.0,1275894.0,0.0,0.0
DDR5_3200AN_x4_cfg.yaml,619,2693454.0,10124030.0,0.0,894697.0,2690737.0,61829.0,1689440.0,127542.0,10000000.0,0.0,20232.0,143926.0,3796511.0,82.119812,103.268333,2.60744643,1661448.0,7671648.0,17628295.0,0.0,20232.0,14862998.0,0.0151317883,156330.0,57448.0,4038.0,3790.0,3613.0,4.64328861,2266.0,138047.0,2.02070999,2266.0,425.0,1524.0,9899199.0,18283.0,138047.0,3613.0,143926.0,0.0,0.0
DDR5_3200AN_x4_cfg.yaml,621,4707230.0,14572976.0,86256.0,809369.0,3820673.0,29445.0,455976.0,290496.0,10000000.0,0.0,4544.0,306880.0,5464866.0,88.3468323,98.4000015,3.4013772,401448.0,1471097.0,20133274.0,0.0,4544.0,30196992.0,0.0135606257,284128.0,74107.0,9466.0,17830.0,9139.0,3.68412948,17014.0,280727.0,0.269191772,17014.0,327.0,816.0,18588070.0,3401.0,280727.0,9139.0,306880.0,0.0,0.0
DDR5_3200AN_x4_cfg.yaml,628,1309823.0,8561253.0,36417.0,226602.0,2893539.0,42502.0,2677207.0,54745.0,10000000.0,0.0,1187.0,71129.0,3210470.0,95.1659622,119.626129,1.67681026,112962.0,458525.0,5879023.0,0.0,1187.0,8508887.0,0.0115712034,59270.0,37149.0,4151.0,8895.0,3780.0,1.83120322,8656.0,58693.0,0.142821774,8656.0,371.0,239.0,5383349.0,577.0,58693.0,3780.0,71129.0,0.0,0.0
DDR5_3200AN_x4_cfg.yaml,638,162583.0,4700211.0,475.0,10709.0,2671930.0,276.0,1106116.0,0.0,10000000.0,0.0,0.0,2705.0,1762579.0,NaN,107.995934,0.0801206678,0.0,0.0,160941.0,0.0,0.0,292129.0,0.0111892857,1393.0,19722.0,1305.0,7.0,1305.0,0.0913099498,7.0,1393.0,0.0,7.0,0.0,0.0,141219.0,0.0,1393.0,1305.0,2705.0,0.0,0.0
DDR5_3200AN_x4_cfg.yaml,644,473779.0,5264146.0,0.0,28350.0,2889827.0,24.0,256393.0,0.0,10000000.0,0.0,0.0,10722.0,1974055.0,NaN,82.2894058,0.251052797,0.0,0.0,513640.0,0.0,0.0,882307.0,0.00914260279,9862.0,18048.0,840.0,20.0,840.0,0.260195374,20.0,9862.0,0.0,20.0,0.0,0.0,495592.0,0.0,9862.0,840.0,10722.0,0.0,0.0
DDR5_3200AN_x4_cfg.yaml,649,12864.0,4361882.0,0.0,561.0,2446933.0,186.0,1544168.0,0.0,10000000.0,0.0,0.0,284.0,1635706.0,NaN,126.919014,0.0102732396,0.0,0.0,20317.0,0.0,0.0,36045.0,0.00214769645,101.0,3513.0,140.0,43.0,140.0,0.0124209365,43.0,101.0,0.0,43.0,0.0,0.0,16804.0,0.0,101.0,140.0,284.0,0.0,0.0
DDR5_3200AN_x4_cfg.yaml,654,4283116.0,12578315.0,6.0,892605.0,2434872.0,210836.0,2047134.0,174858.0,10000000.0,0.0,17928.0,191242.0,4716868.0,96.4538116,88.0499878,2.0830915,1729224.0,2390056.0,12288071.0,0.0,17928.0,16838855.0,0.0153379319,185994.0,72347.0,11028.0,12148.0,7081.0,2.60513353,7229.0,176932.0,0.506704032,7229.0,3947.0,4919.0,9825668.0,9062.0,176932.0,7081.0,191242.0,0.0,0.0
DDR4_2133N_x4_cfg.yaml,600,50853.0,4482056.0,337.0,8416.0,2452285.0,537.0,1518350.0,0.0,10000000.0,0.0,0.0,3487.0,1680771.0,NaN,62.1296234,0.0670364946,0.0,0.0,115534.0,0.0,0.0,216646.0,0.00170219503,2298.0,2861.0,753.0,436.0,753.0,0.0687386915,436.0,2298.0,0.0,436.0,0.0,0.0,112673.0,0.0,2298.0,753.0,3487.0,NaN,NaN
DDR4_2133N_x4_cfg.yaml,602,2662106.0,7805751.0,100.0,1200112.0,2802939.0,1465.0,52147.0,181510.0,10000000.0,0.0,407.0,197891.0,2927157.0,46.8230972,42.2459984,1.55822182,19057.0,46333.0,4623803.0,0.0,407.0,8360103.0,0.00557195954,190947.0,16310.0,4984.0,2367.0,4936.0,1.57962251,2161.0,190794.0,0.0158286691,2161.0,48.0,206.0,4561160.0,153.0,190794.0,4936.0,197891.0,NaN,NaN
DDR4_2133N_x4_cfg.yaml,605,1191646.0,6408837.0,134455.0,438553.0,2876129.0,1975.0,779238.0,129090.0,10000000.0,0.0,274.0,145474.0,2403314.0,56.8029213,82.9113388,2.87385678,15564.0,102276.0,7024952.0,0.0,274.0,12061444.0,0.00661420031,86798.0,15896.0,7265.0,51685.0,7246.0,2.92302704,51442.0,86786.0,0.0425562374,51442.0,19.0,243.0,6906780.0,12.0,86786.0,7246.0,145474.0,NaN,NaN
DDR4_2133N_x4_cfg.yaml,625,621615.0,5688703.0,1445.0,75690.0,2646704.0,11357.0,1327730.0,21573.0,10000000.0,0.0,965.0,37957.0,2133264.0,50.7595863,76.2025223,0.822267175,48983.0,73171.0,1839011.0,0.0,965.0,2892419.0,0.00549720973,26608.0,11727.0,4761.0,7553.0,4629.0,0.862064421,6938.0,26390.0,0.0343000218,6938.0,132.0,615.0,1754113.0,218.0,26390.0,4629.0,37957.0,NaN,NaN
DDR4_2133N_x4_cfg.yaml,631,197649.0,4470419.0,0.0,14751.0,2446877.0,11308.0,1180453.0,4.0,10000000.0,0.0,1.0,5531.0,1676407.0,59.0,79.9459381,0.134138674,59.0,65.0,233927.0,0.0,1.0,442181.0,0.0053632562,1836.0,8991.0,2693.0,1003.0,2693.0,0.139540702,1002.0,1836.0,3.87733999,1002.0,0.0,1.0,224871.0,0.0,1836.0,2693.0,5531.0,NaN,NaN
DDR4_2133N_x4_cfg.yaml,657,331178.0,5044165.0,0.0,40025.0,2523907.0,34.0,644922.0,34.0,10000000.0,0.0,0.0,15959.0,1891562.0,NaN,55.6122551,0.31205374,0.0,0.0,597874.0,0.0,0.0,887516.0,0.00402048696,15603.0,7605.0,356.0,0.0,356.0,0.316074222,0.0,15603.0,0.0,0.0,0.0,0.0,590269.0,0.0,15603.0,356.0,15959.0,NaN,NaN
DDR4_2133N_x4_cfg.yaml,641,69924.0,4198095.0,146.0,3936.0,2473088.0,739.0,942655.0,0.0,10000000.0,0.0,0.0,1939.0,1574286.0,NaN,78.0732346,0.0515649617,0.0,0.0,87750.0,0.0,0.0,151384.0,0.00417459104,802.0,6572.0,908.0,229.0,908.0,0.0557395555,229.0,802.0,0.0,229.0,0.0,0.0,81178.0,0.0,802.0,908.0,1939.0,NaN,NaN
DDR4_2133N_x4_cfg.yaml,648,3877.0,4671187.0,125.0,877.0,2456128.0,141.0,1559963.0,0.0,10000000.0,0.0,0.0,220.0,1751695.0,NaN,70.2636337,0.00569619704,0.0,0.0,10468.0,0.0,0.0,15458.0,0.000279729051,173.0,490.0,39.0,8.0,39.0,0.00597592629,8.0,173.0,0.0,8.0,0.0,0.0,9978.0,0.0,173.0,39.0,220.0,NaN,NaN
DDR4_2133N_x4_cfg.yaml,620,1862869.0,8155091.0,31807.0,207207.0,2595265.0,37173.0,1402136.0,96744.0,10000000.0,0.0,18390.0,113126.0,3058159.0,57.4127235,82.2643661,1.52347469,1055820.0,1597333.0,6278310.0,0.0,18390.0,9306239.0,0.00717719365,51881.0,21949.0,12115.0,67520.0,10734.0,2.05297041,50863.0,51529.0,0.522318482,50863.0,1381.0,16657.0,4659028.0,352.0,51529.0,10734.0,113126.0,NaN,NaN
DDR4_2133N_x4_cfg.yaml,623,2411809.0,9223424.0,1952.0,886777.0,2700745.0,1821.0,126458.0,251653.0,10000000.0,0.0,426.0,268037.0,3458784.0,53.4460106,57.4156113,2.86957717,22768.0,24905.0,9970370.0,0.0,426.0,15389508.0,0.00584511785,249737.0,20217.0,11764.0,6962.0,11677.0,2.88262296,6664.0,249696.0,0.00720050745,6664.0,87.0,298.0,9925248.0,41.0,249696.0,11677.0,268037.0,NaN,NaN
DDR4_2133N_x4_cfg.yaml,603,4710615.0,16375405.0,237932.0,410058.0,3901772.0,971.0,517605.0,106682.0,10000000.0,0.0,192.0,123066.0,6140777.0,40.84375,268.158447,4.40953064,7842.0,102116.0,27218290.0,0.0,192.0,33001187.0,0.00622543367,34079.0,38229.0,3058.0,86121.0,3033.0,4.43238544,86066.0,33967.0,0.0166291669,86066.0,25.0,55.0,27077945.0,112.0,33967.0,3033.0,123066.0,NaN,NaN
DDR4_2133N_x4_cfg.yaml,607,14962066.0,39971888.0,3002355.0,5375115.0,5424879.0,174063.0,911008.0,1259510.0,10000000.0,0.0,25715.0,1275888.0,14989458.0,31.9903164,153.422531,10.9114008,822631.0,124850445.0,288510419.0,0.0,25715.0,195749973.0,0.00693727564,1078873.0,103986.0,7356.0,215358.0,6532.0,19.2475567,214845.0,1054509.0,8.32921696,214845.0,824.0,513.0,163555988.0,24364.0,1054509.0,6532.0,1275888.0,NaN,NaN
DDR4_2133N_x4_cfg.yaml,619,1616718.0,7261894.0,0.0,894667.0,2690737.0,54236.0,1689440.0,127542.0,10000000.0,0.0,20232.0,143926.0,2723210.0,34.8106956,54.726429,1.84864843,704290.0,2653268.0,7703145.0,0.0,20232.0,7876556.0,0.00573551049,154499.0,15619.0,2884.0,6775.0,2643.0,2.8287003,4142.0,137141.0,0.974316359,4142.0,241.0,2633.0,5034258.0,17358.0,137141.0,2643.0,143926.0,NaN,NaN
DDR4_2133N_x4_cfg.yaml,621,2891518.0,9845946.0,42182.0,774216.0,3779220.0,22460.0,453355.0,290496.0,10000000.0,0.0,4544.0,306880.0,3692230.0,41.2288742,54.5585709,2.74616885,187344.0,713714.0,10875168.0,0.0,4544.0,16742934.0,0.00594952097,282971.0,21967.0,6210.0,22243.0,6032.0,2.94542003,20672.0,280176.0,0.193301603,20672.0,178.0,1571.0,10139487.0,2795.0,280176.0,6032.0,306880.0,NaN,NaN
DDR4_2133N_x4_cfg.yaml,628,877965.0,7448859.0,26004.0,215725.0,2883286.0,35730.0,2677047.0,54747.0,10000000.0,0.0,1187.0,71131.0,2793322.0,43.879528,72.4490891,1.20675027,52085.0,281587.0,3667110.0,0.0,1187.0,5153376.0,0.00525574945,58921.0,14681.0,3296.0,10101.0,3080.0,1.31281316,9663.0,58388.0,0.100807212,9663.0,216.0,438.0,3370842.0,533.0,58388.0,3080.0,71131.0,NaN,NaN
DDR4_2133N_x4_cfg.yaml,638,109433.0,4561984.0,254.0,10499.0,2671719.0,256.0,1106106.0,0.0,10000000.0,0.0,0.0,2705.0,1710744.0,NaN,65.9552689,0.0584242865,0.0,0.0,108288.0,0.0,0.0,178409.0,0.00487448741,1667.0,8339.0,1019.0,19.0,1019.0,0.0632987767,19.0,1667.0,0.0,19.0,0.0,0.0,99949.0,0.0,1667.0,1019.0,2705.0,NaN,NaN
DDR4_2133N_x4_cfg.yaml,644,313199.0,4838845.0,0.0,28357.0,2889827.0,24.0,256393.0,0.0,10000000.0,0.0,0.0,10722.0,1814567.0,NaN,50.7382011,0.179201424,0.0,0.0,332927.0,0.0,0.0,544015.0,0.00427319575,9897.0,7754.0,685.0,140.0,685.0,0.18347463,140.0,9897.0,0.0,140.0,0.0,0.0,325173.0,0.0,9897.0,685.0,10722.0,NaN,NaN
DDR4_2133N_x4_cfg.yaml,649,8393.0,4355695.0,0.0,562.0,2446933.0,187.0,1544168.0,0.0,10000000.0,0.0,0.0,284.0,1633386.0,NaN,75.25,0.0067491699,0.0,0.0,12690.0,0.0,0.0,21371.0,0.00101996714,125.0,1666.0,112.0,47.0,112.0,0.00776913716,47.0,125.0,0.0,47.0,0.0,0.0,11024.0,0.0,125.0,112.0,284.0,NaN,NaN
DDR4_2133N_x4_cfg.yaml,654,2922495.0,9290456.0,0.0,892712.0,2434872.0,196798.0,2047128.0,174858.0,10000000.0,0.0,17928.0,191242.0,3483921.0,48.0509834,52.2225876,1.66058874,861458.0,1809199.0,7616902.0,0.0,17928.0,9987152.0,0.00641317619,177820.0,22343.0,7129.0,24221.0,5494.0,2.18630147,14121.0,171627.0,0.519299686,14121.0,1635.0,10100.0,5785360.0,6193.0,171627.0,5494.0,191242.0,NaN,NaN
DDR4_1866L_x4_cfg.yaml,600,45713.0,4469322.0,238.0,8298.0,2452224.0,508.0,1518312.0,0.0,10000000.0,0.0,0.0,3487.0,1675996.0,NaN,53.1743622,0.0556964353,0.0,0.0,96025.0,0.0,0.0,185419.0,0.00159785582,2291.0,2678.0,763.0,433.0,763.0,0.0572942905,433.0,2291.0,0.0,433.0,0.0,0.0,93347.0,0.0,2291.0,763.0,3487.0,NaN,NaN
DDR4_1866L_x4_cfg.yaml,602,2487044.0,7387932.0,92.0,1200160.0,2802931.0,1435.0,52147.0,181510.0,10000000.0,0.0,407.0,197891.0,2770475.0,41.7395592,37.7496567,1.47895718,16988.0,38861.0,4151407.0,0.0,407.0,7470317.0,0.00546187907,190887.0,15132.0,5078.0,2333.0,5028.0,1.49844599,2125.0,190738.0,0.0140268365,2125.0,50.0,208.0,4097414.0,149.0,190738.0,5028.0,197891.0,NaN,NaN
DDR4_1866L_x4_cfg.yaml,605,1100630.0,6206488.0,104226.0,406600.0,2846088.0,1795.0,779050.0,129090.0,10000000.0,0.0,274.0,145474.0,2327433.0,50.2919693,71.5943527,2.43958735,13780.0,43382.0,5736128.0,0.0,274.0,10415117.0,0.00634604739,87178.0,14770.0,7213.0,51357.0,7198.0,2.46457267,51110.0,87166.0,0.0186394192,51110.0,15.0,247.0,5677976.0,12.0,87166.0,7198.0,145474.0,NaN,NaN
DDR4_1866L_x4_cfg.yaml,625,561845.0,5545639.0,1070.0,75527.0,2646592.0,10779.0,1327467.0,21573.0,10000000.0,0.0,965.0,37957.0,2079615.0,44.862175,68.7319565,0.762360334,43292.0,61569.0,1658335.0,0.0,965.0,2608859.0,0.00545774121,26435.0,11350.0,5160.0,7327.0,5020.0,0.797424018,6719.0,26218.0,0.0296059605,6719.0,140.0,608.0,1585416.0,217.0,26218.0,5020.0,37957.0,NaN,NaN
DDR4_1866L_x4_cfg.yaml,631,173280.0,4431467.0,0.0,14731.0,2446877.0,11308.0,1180453.0,4.0,10000000.0,0.0,1.0,5531.0,1661800.0,52.0,68.8049164,0.115429655,52.0,57.0,200314.0,0.0,1.0,380560.0,0.00507642329,1833.0,8436.0,2772.0,927.0,2772.0,0.12054038,926.0,1833.0,3.43001557,926.0,0.0,1.0,191821.0,0.0,1833.0,2772.0,5531.0,NaN,NaN
DDR4_1866L_x4_cfg.yaml,657,309726.0,4986981.0,0.0,40025.0,2523907.0,37.0,644922.0,34.0,10000000.0,0.0,0.0,15959.0,1870118.0,NaN,51.3972664,0.297107995,0.0,0.0,562735.0,0.0,0.0,820249.0,0.00380082964,15574.0,7108.0,385.0,0.0,385.0,0.300908834,0.0,15574.0,0.0,0.0,0.0,0.0,555627.0,0.0,15574.0,385.0,15959.0,NaN,NaN
DDR4_1866L_x4_cfg.yaml,641,56686.0,4164639.0,138.0,3906.0,2473074.0,770.0,942661.0,0.0,10000000.0,0.0,0.0,1939.0,1561740.0,NaN,64.0428085,0.0401174314,0.0,0.0,68706.0,0.0,0.0,124179.0,0.0038758053,799.0,6053.0,928.0,212.0,928.0,0.0439932384,212.0,799.0,0.0,212.0,0.0,0.0,62653.0,0.0,799.0,928.0,1939.0,NaN,NaN
DDR4_1866L_x4_cfg.yaml,648,2670.0,4669747.0,82.0,839.0,2456085.0,143.0,1559963.0,0.0,10000000.0,0.0,0.0,220.0,1751155.0,NaN,52.886364,0.0038323279,0.0,0.0,7179.0,0.0,0.0,11635.0,0.00026725218,174.0,468.0,37.0,9.0,37.0,0.00409957999,9.0,174.0,0.0,9.0,0.0,0.0,6711.0,0.0,174.0,37.0,220.0,NaN,NaN
DDR4_1866L_x4_cfg.yaml,620,1669344.0,7641587.0,33544.0,211253.0,2599292.0,35046.0,1399846.0,96744.0,10000000.0,0.0,18390.0,113126.0,2865595.0,50.5892334,72.7580643,1.44432628,930336.0,1369045.0,5528423.0,0.0,18390.0,8230829.0,0.00716221239,51882.0,20524.0,12805.0,66829.0,11357.0,1.92924082,50244.0,51525.0,0.477752447,50244.0,1448.0,16585.0,4138854.0,357.0,51525.0,11357.0,113126.0,NaN,NaN
DDR4_1866L_x4_cfg.yaml,623,2109559.0,8536600.0,1785.0,859639.0,2700689.0,1701.0,126347.0,251653.0,10000000.0,0.0,426.0,268037.0,3201225.0,46.9014091,50.4115067,2.69603157,19980.0,19176.0,8668131.0,0.0,426.0,13512149.0,0.00573249301,249621.0,18351.0,12251.0,6591.0,12152.0,2.70775437,6305.0,249580.0,0.00599020673,6305.0,99.0,286.0,8630604.0,41.0,249580.0,12152.0,268037.0,NaN,NaN
DDR4_1866L_x4_cfg.yaml,603,4138578.0,14862810.0,203055.0,375193.0,3866895.0,970.0,517605.0,106682.0,10000000.0,0.0,192.0,123066.0,5573554.0,36.8125,233.310196,4.22733164,7068.0,89704.0,23685106.0,0.0,192.0,28712553.0,0.00612571463,34024.0,34142.0,3211.0,86023.0,3186.0,4.24955177,85965.0,33915.0,0.0160945784,85965.0,25.0,58.0,23561260.0,109.0,33915.0,3186.0,123066.0,NaN,NaN
DDR4_1866L_x4_cfg.yaml,607,12684607.0,33932156.0,1788441.0,4191837.0,4223895.0,158474.0,898078.0,1259510.0,10000000.0,0.0,25715.0,1275894.0,12724559.0,28.7267361,129.10672,10.7172232,738708.0,132585207.0,269043406.0,0.0,25715.0,164726494.0,0.00677909562,1080098.0,86261.0,7481.0,214010.0,6587.0,21.143631,213662.0,1055639.0,10.419631,213662.0,894.0,348.0,136371938.0,24459.0,1055639.0,6587.0,1275894.0,NaN,NaN
DDR4_1866L_x4_cfg.yaml,619,1453203.0,6832848.0,0.0,894545.0,2690737.0,55055.0,1689440.0,127542.0,10000000.0,0.0,20232.0,143926.0,2562318.0,31.2740211,47.793663,1.69898355,632736.0,2234790.0,6602745.0,0.0,20232.0,6878751.0,0.00570538081,154391.0,14619.0,3005.0,6762.0,2757.0,2.576864,4126.0,137043.0,0.872175097,4126.0,248.0,2636.0,4353336.0,17348.0,137043.0,2757.0,143926.0,NaN,NaN
DDR4_1866L_x4_cfg.yaml,621,2658133.0,9287309.0,38051.0,768505.0,3774889.0,24287.0,453555.0,290496.0,10000000.0,0.0,4544.0,306880.0,3482741.0,37.1610909,49.1503143,2.64448881,168860.0,560920.0,9791528.0,0.0,4544.0,15083248.0,0.00589707913,282637.0,20538.0,6402.0,22385.0,6229.0,2.81144309,20737.0,279914.0,0.161057055,20737.0,173.0,1648.0,9210070.0,2723.0,279914.0,6229.0,306880.0,NaN,NaN
DDR4_1866L_x4_cfg.yaml,628,781066.0,7205008.0,17555.0,206818.0,2874896.0,35908.0,2676988.0,54746.0,10000000.0,0.0,1187.0,71130.0,2701878.0,39.1811295,61.8969765,1.04273403,46508.0,198998.0,3029783.0,0.0,1187.0,4402732.0,0.00497616827,58913.0,13445.0,3342.0,10062.0,3130.0,1.12136185,9615.0,58385.0,0.073651731,9615.0,212.0,447.0,2817340.0,528.0,58385.0,3130.0,71130.0,NaN,NaN
DDR4_1866L_x4_cfg.yaml,638,91701.0,4516944.0,232.0,10474.0,2671697.0,250.0,1106106.0,0.0,10000000.0,0.0,0.0,2705.0,1693854.0,NaN,56.7382622,0.0491890088,0.0,0.0,91435.0,0.0,0.0,153477.0,0.00479143998,1616.0,8116.0,1075.0,14.0,1075.0,0.0539804511,14.0,1616.0,0.0,14.0,0.0,0.0,83319.0,0.0,1616.0,1075.0,2705.0,NaN,NaN
DDR4_1866L_x4_cfg.yaml,644,291536.0,4781474.0,0.0,28341.0,2889827.0,24.0,256393.0,0.0,10000000.0,0.0,0.0,10722.0,1793053.0,NaN,46.6159286,0.170177907,0.0,0.0,312517.0,0.0,0.0,499816.0,0.00411532726,9864.0,7379.0,725.0,133.0,725.0,0.174293235,133.0,9864.0,0.0,133.0,0.0,0.0,305138.0,0.0,9864.0,725.0,10722.0,NaN,NaN
DDR4_1866L_x4_cfg.yaml,649,8240.0,4356895.0,0.0,559.0,2446933.0,185.0,1544168.0,0.0,10000000.0,0.0,0.0,284.0,1633836.0,NaN,67.6549301,0.00603426527,0.0,0.0,11499.0,0.0,0.0,19214.0,0.00100377272,113.0,1640.0,125.0,46.0,125.0,0.00703803822,46.0,113.0,0.0,46.0,0.0,0.0,9859.0,0.0,113.0,125.0,284.0,NaN,NaN
DDR4_1866L_x4_cfg.yaml,654,2625165.0,8560219.0,0.0,900556.0,2434872.0,194075.0,2047128.0,174858.0,10000000.0,0.0,17928.0,191242.0,3210082.0,40.8547516,45.4691811,1.56548178,732444.0,1165749.0,6211177.0,0.0,17928.0,8695617.0,0.006262457,180462.0,20103.0,6946.0,21762.0,5321.0,1.93489671,12972.0,172949.0,0.363152415,12972.0,1625.0,8790.0,5025325.0,7513.0,172949.0,5321.0,191242.0,NaN,NaN
DDR4_3200W_x4_cfg.yaml,600,65820.0,4522741.0,308.0,8336.0,2452278.0,515.0,1518328.0,0.0,10000000.0,0.0,0.0,3487.0,1696028.0,NaN,83.8741074,0.0895097256,0.0,0.0,155306.0,0.0,0.0,292469.0,0.00206069718,2323.0,3495.0,713.0,451.0,713.0,0.0915704221,451.0,2323.0,0.0,451.0,0.0,0.0,151811.0,0.0,2323.0,713.0,3487.0,NaN,NaN
DDR4_3200W_x4_cfg.yaml,602,3261462.0,9098183.0,121.0,1199630.0,2802960.0,1554.0,52147.0,181510.0,10000000.0,0.0,407.0,197891.0,3411819.0,58.791153,55.9137497,1.74840343,23928.0,244585.0,6228073.0,0.0,407.0,11064828.0,0.00534963887,190677.0,18252.0,5195.0,2426.0,5150.0,1.82544065,2298.0,190443.0,0.0716875643,2298.0,45.0,128.0,5965236.0,234.0,190443.0,5150.0,197891.0,NaN,NaN
DDR4_3200W_x4_cfg.yaml,605,1488644.0,7219725.0,162975.0,465594.0,2904599.0,2024.0,779288.0,129090.0,10000000.0,0.0,274.0,145474.0,2707397.0,81.1532822,107.757103,3.20777917,22236.0,112998.0,8815868.0,0.0,274.0,15675857.0,0.00669942377,87849.0,18138.0,5615.0,52284.0,5602.0,3.25621557,52036.0,87836.0,0.0417367667,52036.0,13.0,248.0,8684732.0,13.0,87836.0,5602.0,145474.0,NaN,NaN
DDR4_3200W_x4_cfg.yaml,625,767117.0,6074191.0,2085.0,76120.0,2647056.0,12203.0,1328018.0,21573.0,10000000.0,0.0,965.0,37957.0,2277822.0,71.668396,100.248863,0.9988814,69160.0,104683.0,2392381.0,0.0,965.0,3805146.0,0.00545433303,27284.0,12424.0,3587.0,8051.0,3474.0,1.05029321,7440.0,27043.0,0.0459574983,7440.0,113.0,611.0,2275274.0,241.0,27043.0,3474.0,37957.0,NaN,NaN
DDR4_3200W_x4_cfg.yaml,631,273283.0,4619853.0,0.0,14753.0,2446877.0,11437.0,1180453.0,4.0,10000000.0,0.0,1.0,5531.0,1732445.0,84.0,114.726273,0.189563885,84.0,1049.0,338226.0,0.0,1.0,634551.0,0.00506105553,1853.0,8768.0,2376.0,1303.0,2376.0,0.195230439,1302.0,1853.0,0.000605502632,1302.0,0.0,1.0,328409.0,0.0,1853.0,2376.0,5531.0,NaN,NaN
DDR4_3200W_x4_cfg.yaml,657,388005.0,5195698.0,0.0,40025.0,2523907.0,34.0,644922.0,34.0,10000000.0,0.0,0.0,15959.0,1948387.0,NaN,67.7605743,0.35257113,0.0,0.0,695521.0,0.0,0.0,1081391.0,0.00440158974,15674.0,8576.0,284.0,1.0,284.0,0.356972724,1.0,15674.0,0.0,1.0,0.0,0.0,686945.0,0.0,15674.0,284.0,15959.0,NaN,NaN
DDR4_3200W_x4_cfg.yaml,641,88874.0,4247492.0,166.0,3937.0,2473093.0,745.0,942670.0,0.0,10000000.0,0.0,0.0,1939.0,1592810.0,NaN,98.5306854,0.0596719012,0.0,0.0,102253.0,0.0,0.0,191051.0,0.00452470779,837.0,7207.0,846.0,256.0,846.0,0.064196609,256.0,837.0,0.0,256.0,0.0,0.0,95046.0,0.0,837.0,846.0,1939.0,NaN,NaN
DDR4_3200W_x4_cfg.yaml,648,3915.0,4672934.0,173.0,925.0,2456176.0,141.0,1559963.0,0.0,10000000.0,0.0,0.0,220.0,1752350.0,NaN,84.3590927,0.00634747604,0.0,0.0,11623.0,0.0,0.0,18559.0,0.000285331131,173.0,500.0,38.0,9.0,38.0,0.0066328072,9.0,173.0,0.0,9.0,0.0,0.0,11123.0,0.0,173.0,38.0,220.0,NaN,NaN
DDR4_3200W_x4_cfg.yaml,620,2416821.0,9648395.0,47035.0,222201.0,2610566.0,37307.0,1402063.0,96744.0,10000000.0,0.0,18390.0,113126.0,3618148.0,81.9554138,112.515915,1.7512064,1507160.0,2385130.0,8748667.0,0.0,18390.0,12728475.0,0.00757652801,52016.0,27413.0,10059.0,69441.0,8909.0,2.41799593,52566.0,51651.0,0.659212947,52566.0,1150.0,16875.0,6336124.0,365.0,51651.0,8909.0,113126.0,NaN,NaN
DDR4_3200W_x4_cfg.yaml,623,3115687.0,11130896.0,2952.0,880775.0,2701427.0,2138.0,126776.0,251653.0,10000000.0,0.0,426.0,268037.0,4174086.0,76.8638535,76.0780945,3.12727571,32744.0,33208.0,13110311.0,0.0,426.0,20391745.0,0.00565033872,250027.0,23585.0,9914.0,8522.0,9838.0,3.14088178,8210.0,249989.0,0.00795575324,8210.0,76.0,312.0,13053518.0,38.0,249989.0,9838.0,268037.0,NaN,NaN
DDR4_3200W_x4_cfg.yaml,603,6673907.0,21603871.0,377606.0,549741.0,4041446.0,1057.0,517605.0,106682.0,10000000.0,0.0,192.0,123066.0,8101452.0,57.6458321,383.086853,4.80365801,11068.0,146985.0,39104773.0,0.0,192.0,47144969.0,0.005083533,34411.0,41184.0,2847.0,86000.0,2826.0,4.82688427,85945.0,34295.0,0.0181430448,85945.0,21.0,55.0,38916604.0,116.0,34295.0,2826.0,123066.0,NaN,NaN
DDR4_3200W_x4_cfg.yaml,607,18027090.0,48081243.0,1767196.0,4067644.0,4193267.0,181690.0,907461.0,1259510.0,10000000.0,0.0,25715.0,1275888.0,18030466.0,46.9954491,168.419296,9.70206165,1208488.0,88033878.0,263080440.0,0.0,25715.0,214884158.0,0.00631586555,1141778.0,113878.0,7003.0,152815.0,5887.0,14.5908842,151444.0,1118553.0,4.88250732,151444.0,1116.0,1371.0,174932684.0,23225.0,1118553.0,5887.0,1275888.0,NaN,NaN
DDR4_3200W_x4_cfg.yaml,619,2073969.0,8450912.0,0.0,894445.0,2690737.0,54552.0,1689440.0,127542.0,10000000.0,0.0,20232.0,143926.0,3169092.0,49.8788071,73.0667496,2.12227345,1009148.0,3760335.0,10504306.0,0.0,20232.0,10516205.0,0.00577168493,154862.0,18291.0,2217.0,7079.0,1980.0,3.31461072,4224.0,137722.0,1.1865654,4224.0,237.0,2855.0,6725680.0,17140.0,137722.0,1980.0,143926.0,NaN,NaN
DDR4_3200W_x4_cfg.yaml,621,3605738.0,11704930.0,46133.0,776894.0,3782773.0,22311.0,453753.0,290496.0,10000000.0,0.0,4544.0,306880.0,4389349.0,55.9762306,70.4434204,2.90363359,254356.0,1429649.0,14200108.0,0.0,4544.0,21617675.0,0.00578627968,283289.0,25398.0,6406.0,21729.0,6257.0,3.2351284,20443.0,280180.0,0.325708658,20443.0,149.0,1286.0,12745061.0,3109.0,280180.0,6257.0,306880.0,NaN,NaN
DDR4_3200W_x4_cfg.yaml,628,1123242.0,8084333.0,24607.0,214888.0,2881842.0,41976.0,2677094.0,54746.0,10000000.0,0.0,1187.0,71130.0,3031625.0,61.9949455,97.866272,1.49920785,73588.0,436325.0,4996836.0,0.0,1187.0,6961228.0,0.00510452315,59059.0,15475.0,3100.0,10158.0,2900.0,1.64823687,9724.0,58506.0,0.14392446,9724.0,200.0,434.0,4545036.0,553.0,58506.0,2900.0,71130.0,NaN,NaN
DDR4_3200W_x4_cfg.yaml,638,166604.0,4714056.0,318.0,10558.0,2671783.0,264.0,1106106.0,0.0,10000000.0,0.0,0.0,2705.0,1767771.0,NaN,94.2243958,0.0885550231,0.0,0.0,164706.0,0.0,0.0,254877.0,0.00461654831,1890.0,8161.0,797.0,18.0,797.0,0.0931715667,18.0,1890.0,0.0,18.0,0.0,0.0,156545.0,0.0,1890.0,797.0,2705.0,NaN,NaN
DDR4_3200W_x4_cfg.yaml,644,388883.0,5040199.0,0.0,28357.0,2889827.0,24.0,256393.0,0.0,10000000.0,0.0,0.0,10722.0,1890075.0,NaN,64.6063232,0.212532833,0.0,0.0,409812.0,0.0,0.0,692709.0,0.00429030601,9970.0,8109.0,608.0,144.0,608.0,0.216823146,144.0,9970.0,0.0,144.0,0.0,0.0,401703.0,0.0,9970.0,608.0,10722.0,NaN,NaN
DDR4_3200W_x4_cfg.yaml,649,9179.0,4356396.0,0.0,556.0,2446933.0,186.0,1544168.0,0.0,10000000.0,0.0,0.0,284.0,1633649.0,NaN,87.8133774,0.00715882052,0.0,0.0,13445.0,0.0,0.0,24939.0,0.00107122154,149.0,1750.0,88.0,47.0,88.0,0.00823004171,47.0,149.0,0.0,47.0,0.0,0.0,11695.0,0.0,149.0,88.0,284.0,NaN,NaN
DDR4_3200W_x4_cfg.yaml,654,3770890.0,11437334.0,6.0,887588.0,2434862.0,202538.0,2047134.0,174857.0,10000000.0,0.0,17928.0,191241.0,4289000.0,68.5905838,71.497406,1.86215758,1229692.0,3048331.0,11061340.0,0.0,17928.0,13673235.0,0.00611214712,177393.0,26215.0,7320.0,24456.0,5755.0,2.57900214,14217.0,171269.0,0.710732341,14217.0,1565.0,10239.0,7986794.0,6124.0,171269.0,5755.0,191241.0,NaN,NaN
DDR5_3200AN_x16_cfg.yaml,600,78556.0,4555618.0,541.0,8568.0,2452482.0,555.0,1518357.0,0.0,10000000.0,0.0,0.0,3487.0,1708357.0,NaN,103.665901,0.100089736,0.0,0.0,176493.0,0.0,0.0,361483.0,0.00322180893,2177.0,5504.0,859.0,451.0,859.0,0.103311546,451.0,2177.0,0.0,451.0,0.0,0.0,170989.0,0.0,2177.0,859.0,3487.0,0.0,0.0
DDR5_3200AN_x16_cfg.yaml,602,3959891.0,10936297.0,207.0,1199231.0,2803046.0,1728.0,52147.0,181510.0,10000000.0,0.0,407.0,197892.0,4101111.0,121.341522,74.9630966,1.93929577,49386.0,167332.0,8172443.0,0.0,407.0,14834597.0,0.0126414523,188178.0,51844.0,7254.0,2867.0,7251.0,1.99273884,2501.0,188140.0,0.0408016257,2501.0,3.0,366.0,7953267.0,38.0,188140.0,7251.0,197892.0,0.0,0.0
DDR5_3200AN_x16_cfg.yaml,605,1945159.0,8438677.0,190492.0,490365.0,2931796.0,2390.0,779608.0,129090.0,10000000.0,0.0,274.0,145474.0,3164504.0,125.474449,143.292114,3.44014931,34380.0,90208.0,11025469.0,0.0,274.0,20845278.0,0.0154510783,79533.0,48895.0,12150.0,54065.0,12150.0,3.48410654,53794.0,79530.0,0.0285062045,53794.0,0.0,271.0,10886366.0,3.0,79530.0,12150.0,145474.0,0.0,0.0
DDR5_3200AN_x16_cfg.yaml,625,1043812.0,6799015.0,4997.0,76164.0,2647033.0,16685.0,1330953.0,21573.0,10000000.0,0.0,965.0,37957.0,2549631.0,123.388603,140.329971,1.07840705,119070.0,126416.0,2909827.0,0.0,965.0,5326505.0,0.0132846674,19074.0,33871.0,7727.0,12121.0,7726.0,1.14127374,11209.0,19022.0,0.0495820753,11209.0,1.0,912.0,2749540.0,52.0,19022.0,7726.0,37957.0,0.0,0.0
DDR5_3200AN_x16_cfg.yaml,631,299780.0,4656597.0,0.0,14741.0,2446877.0,11447.0,1180453.0,4.0,10000000.0,0.0,1.0,5531.0,1746224.0,126.0,127.621948,0.187332213,126.0,77.0,347952.0,0.0,1.0,705877.0,0.0118833547,1759.0,20751.0,2943.0,830.0,2943.0,0.199259654,829.0,1759.0,4.40951444,829.0,0.0,1.0,327124.0,0.0,1759.0,2943.0,5531.0,0.0,0.0
DDR5_3200AN_x16_cfg.yaml,657,492293.0,5473839.0,0.0,40025.0,2523907.0,37.0,644922.0,34.0,10000000.0,0.0,0.0,15959.0,2052690.0,NaN,89.0163574,0.429619193,0.0,0.0,903306.0,0.0,0.0,1420612.0,0.0104404464,15376.0,21431.0,583.0,0.0,583.0,0.440059632,0.0,15376.0,0.0,0.0,0.0,0.0,881875.0,0.0,15376.0,583.0,15959.0,0.0,0.0
DDR5_3200AN_x16_cfg.yaml,641,95627.0,4263305.0,424.0,4139.0,2473276.0,988.0,942745.0,0.0,10000000.0,0.0,0.0,1939.0,1598739.0,NaN,119.225372,0.0652320385,0.0,0.0,118278.0,0.0,0.0,231178.0,0.00875002146,718.0,13989.0,1016.0,205.0,1016.0,0.07398206,205.0,718.0,0.0,205.0,0.0,0.0,104289.0,0.0,718.0,1016.0,1939.0,0.0,0.0
DDR5_3200AN_x16_cfg.yaml,648,4289.0,4673950.0,145.0,892.0,2456148.0,146.0,1559963.0,0.0,10000000.0,0.0,0.0,220.0,1752731.0,NaN,103.25,0.00693432149,0.0,0.0,12963.0,0.0,0.0,22715.0,0.000461565418,165.0,809.0,44.0,11.0,44.0,0.00739588682,11.0,165.0,0.0,11.0,0.0,0.0,12154.0,0.0,165.0,44.0,220.0,0.0,0.0
DDR5_3200AN_x16_cfg.yaml,620,3152287.0,11606465.0,54097.0,225899.0,2614897.0,40455.0,1404794.0,96744.0,10000000.0,0.0,18390.0,113126.0,4352424.0,125.441437,147.352249,1.89236045,2306868.0,3400568.0,11717309.0,0.0,18390.0,16669371.0,0.018469248,45699.0,80386.0,20821.0,64996.0,20655.0,2.69213414,46903.0,45568.0,0.781304419,46903.0,166.0,18093.0,8236355.0,131.0,45568.0,20655.0,113126.0,0.0,0.0
DDR5_3200AN_x16_cfg.yaml,623,3780627.0,13038645.0,3015.0,848929.0,2701231.0,2435.0,127035.0,251653.0,10000000.0,0.0,426.0,268037.0,4889492.0,125.042252,99.3448563,3.36207318,53268.0,56613.0,16561216.0,0.0,426.0,26628098.0,0.0134519087,241275.0,65773.0,18461.0,8727.0,18458.0,3.38710356,8311.0,241268.0,0.0115785031,8311.0,3.0,416.0,16438830.0,7.0,241268.0,18458.0,268037.0,0.0,0.0
DDR5_3200AN_x16_cfg.yaml,603,7245983.0,23112738.0,360147.0,532063.0,4023987.0,1131.0,517605.0,106682.0,10000000.0,0.0,192.0,123066.0,8667277.0,114.125,423.503937,4.8111577,21912.0,171843.0,41997689.0,0.0,192.0,52118936.0,0.0145615516,31710.0,126209.0,5617.0,85931.0,5606.0,4.84554577,85792.0,31668.0,0.0198266413,85792.0,11.0,139.0,41699637.0,42.0,31668.0,5606.0,123066.0,0.0,0.0
DDR5_3200AN_x16_cfg.yaml,607,22826168.0,60925528.0,3714661.0,6029155.0,6065218.0,244470.0,982975.0,1259510.0,10000000.0,0.0,25715.0,1275888.0,22847073.0,81.1531754,248.659012,11.3786993,2086854.0,201215427.0,461516713.0,0.0,25715.0,317261070.0,0.0145025589,1068560.0,331341.0,14470.0,218565.0,13416.0,20.2002563,217393.0,1045077.0,8.80705547,217393.0,1054.0,1172.0,259969945.0,23483.0,1045077.0,13416.0,1275888.0,0.0,0.0
DDR5_3200AN_x16_cfg.yaml,619,3010654.0,10978766.0,0.0,893955.0,2690737.0,60553.0,1689440.0,127542.0,10000000.0,0.0,20232.0,143926.0,4117037.0,91.6524353,111.824432,2.60171819,1854312.0,8842117.0,19614306.0,0.0,20232.0,16094443.0,0.0147725176,146176.0,60819.0,5263.0,12719.0,5036.0,4.76418018,7078.0,131812.0,2.14768958,7078.0,227.0,5641.0,10711370.0,14364.0,131812.0,5036.0,143926.0,0.0,0.0
DDR5_3200AN_x16_cfg.yaml,621,4917467.0,15204698.0,85443.0,815080.0,3819495.0,26914.0,456341.0,290496.0,10000000.0,0.0,4544.0,306880.0,5701762.0,113.25528,100.81073,3.31136823,514632.0,2164845.0,21127397.0,0.0,4544.0,30936796.0,0.014367138,275079.0,81918.0,12050.0,24295.0,12019.0,3.70541525,20973.0,273888.0,0.379680008,20973.0,31.0,3322.0,18880634.0,1191.0,273888.0,12019.0,306880.0,0.0,0.0
DDR5_3200AN_x16_cfg.yaml,628,1369184.0,8724403.0,42906.0,232142.0,2900023.0,45602.0,2677212.0,54745.0,10000000.0,0.0,1187.0,71129.0,3271651.0,112.978935,124.179108,1.64981568,134106.0,648915.0,6085866.0,0.0,1187.0,8832736.0,0.0120214531,54788.0,39330.0,4347.0,13181.0,4333.0,1.86018193,12323.0,54473.0,0.198344812,12323.0,14.0,858.0,5397621.0,315.0,54473.0,4333.0,71129.0,0.0,0.0
DDR5_3200AN_x16_cfg.yaml,638,167901.0,4716803.0,477.0,10719.0,2671932.0,263.0,1106116.0,0.0,10000000.0,0.0,0.0,2705.0,1768801.0,NaN,111.088356,0.0827023536,0.0,0.0,157722.0,0.0,0.0,300494.0,0.00646652747,1349.0,11438.0,1304.0,52.0,1304.0,0.0891688764,52.0,1349.0,0.0,52.0,0.0,0.0,146284.0,0.0,1349.0,1304.0,2705.0,0.0,0.0
DDR5_3200AN_x16_cfg.yaml,644,479952.0,5281917.0,0.0,28336.0,2889827.0,24.0,256393.0,0.0,10000000.0,0.0,0.0,10722.0,1980719.0,NaN,83.3510513,0.251353681,0.0,0.0,516988.0,0.0,0.0,893690.0,0.00965659413,9710.0,19127.0,887.0,125.0,887.0,0.261010259,125.0,9710.0,0.0,125.0,0.0,0.0,497861.0,0.0,9710.0,887.0,10722.0,0.0,0.0
DDR5_3200AN_x16_cfg.yaml,649,12580.0,4362074.0,0.0,557.0,2446933.0,188.0,1544168.0,0.0,10000000.0,0.0,0.0,284.0,1635778.0,NaN,125.30986,0.00966084655,0.0,0.0,20504.0,0.0,0.0,35588.0,0.00287386193,92.0,4701.0,145.0,47.0,145.0,0.0125347087,47.0,92.0,0.0,47.0,0.0,0.0,15803.0,0.0,92.0,145.0,284.0,0.0,0.0
DDR5_3200AN_x16_cfg.yaml,654,5531134.0,16123160.0,14.0,848115.0,2434872.0,333756.0,2047142.0,174858.0,10000000.0,0.0,17928.0,191240.0,6046185.0,123.54351,114.412895,2.14599538,2214888.0,7339762.0,20416496.0,0.0,17928.0,21880322.0,0.0168120898,150747.0,101649.0,10684.0,47737.0,10621.0,3.37675667,30758.0,149861.0,1.21394932,30758.0,63.0,16979.0,12975085.0,886.0,149861.0,10621.0,191240.0,0.0,0.0
DDR4_2400P_x4_cfg.yaml,600,53002.0,4487840.0,350.0,8411.0,2452298.0,536.0,1518350.0,0.0,10000000.0,0.0,0.0,3487.0,1682940.0,NaN,63.7092056,0.0663291588,0.0,0.0,114585.0,0.0,0.0,222154.0,0.00175704423,2288.0,2957.0,758.0,441.0,758.0,0.0680862069,441.0,2288.0,0.0,441.0,0.0,0.0,111628.0,0.0,2288.0,758.0,3487.0,NaN,NaN
DDR4_2400P_x4_cfg.yaml,602,2741652.0,8013932.0,102.0,1200009.0,2802941.0,1479.0,52147.0,181510.0,10000000.0,0.0,407.0,197891.0,3005225.0,50.6216202,44.5190392,1.59653533,20603.0,54040.0,4867697.0,0.0,407.0,8809917.0,0.00522722909,191033.0,15709.0,4783.0,2482.0,4736.0,1.61974466,2280.0,190875.0,0.0179820154,2280.0,47.0,202.0,4797948.0,158.0,190875.0,4736.0,197891.0,NaN,NaN
DDR4_2400P_x4_cfg.yaml,605,1234916.0,6530888.0,143009.0,446672.0,2884689.0,1964.0,779232.0,129090.0,10000000.0,0.0,274.0,145474.0,2449083.0,61.9197083,85.8880997,2.87151027,16966.0,103422.0,7151682.0,0.0,274.0,12494485.0,0.0064077042,87139.0,15693.0,6655.0,51954.0,6639.0,2.92014694,51707.0,87128.0,0.0422288664,51707.0,16.0,247.0,7032567.0,11.0,87128.0,6639.0,145474.0,NaN,NaN
DDR4_2400P_x4_cfg.yaml,625,647484.0,5756740.0,1481.0,75786.0,2646753.0,11491.0,1327717.0,21573.0,10000000.0,0.0,965.0,37957.0,2158778.0,55.0777206,81.646759,0.879764855,53150.0,78674.0,1989452.0,0.0,965.0,3099066.0,0.00535534462,26865.0,11561.0,4359.0,7698.0,4229.0,0.921563983,7085.0,26643.0,0.0364437662,7085.0,130.0,613.0,1899217.0,222.0,26643.0,4229.0,37957.0,NaN,NaN
DDR4_2400P_x4_cfg.yaml,631,209828.0,4497384.0,0.0,14755.0,2446877.0,11316.0,1180453.0,4.0,10000000.0,0.0,1.0,5531.0,1686519.0,64.0,85.2448044,0.141597569,64.0,70.0,247536.0,0.0,1.0,471489.0,0.00513424398,1835.0,8659.0,2600.0,1097.0,2600.0,0.146773323,1096.0,1835.0,4.15056093,1096.0,0.0,1.0,238807.0,0.0,1835.0,2600.0,5531.0,NaN,NaN
DDR4_2400P_x4_cfg.yaml,657,337734.0,5061634.0,0.0,40025.0,2523907.0,34.0,644922.0,34.0,10000000.0,0.0,0.0,15959.0,1898113.0,NaN,52.6347504,0.277559876,0.0,0.0,534901.0,0.0,0.0,839998.0,0.00424684957,15628.0,8061.0,331.0,0.0,331.0,0.281806707,0.0,15628.0,0.0,0.0,0.0,0.0,526840.0,0.0,15628.0,331.0,15959.0,NaN,NaN
DDR4_2400P_x4_cfg.yaml,641,69747.0,4197668.0,149.0,3931.0,2473088.0,741.0,942658.0,0.0,10000000.0,0.0,0.0,1939.0,1574126.0,NaN,76.127388,0.0465115234,0.0,0.0,79802.0,0.0,0.0,147611.0,0.00418454409,814.0,6587.0,893.0,232.0,893.0,0.0506960675,232.0,814.0,0.0,232.0,0.0,0.0,73215.0,0.0,814.0,893.0,1939.0,NaN,NaN
DDR4_2400P_x4_cfg.yaml,648,3274.0,4671320.0,140.0,890.0,2456143.0,141.0,1559963.0,0.0,10000000.0,0.0,0.0,220.0,1751745.0,NaN,93.8090897,0.00844586361,0.0,0.0,15282.0,0.0,0.0,20638.0,0.000278008491,172.0,487.0,39.0,9.0,39.0,0.00872387271,9.0,172.0,0.0,9.0,0.0,0.0,14795.0,0.0,172.0,39.0,220.0,NaN,NaN
DDR4_2400P_x4_cfg.yaml,620,1950575.0,8403627.0,38865.0,213659.0,2601817.0,37820.0,1402642.0,96744.0,10000000.0,0.0,18390.0,113126.0,3151360.0,62.3711243,87.9708099,1.58964002,1147005.0,1726603.0,6759043.0,0.0,18390.0,9951786.0,0.00727051171,51965.0,22912.0,11177.0,68374.0,9878.0,2.14480186,51632.0,51616.0,0.547891378,51632.0,1299.0,16742.0,5009528.0,349.0,51616.0,9878.0,113126.0,NaN,NaN
DDR4_2400P_x4_cfg.yaml,623,2475100.0,9394304.0,2107.0,886161.0,2700835.0,1890.0,126523.0,251653.0,10000000.0,0.0,426.0,268037.0,3522864.0,58.2605629,60.0575409,2.92964411,24819.0,25102.0,10365698.0,0.0,426.0,16097643.0,0.00563689088,249830.0,19858.0,10847.0,7786.0,10768.0,2.94240642,7481.0,249788.0,0.00712545263,7481.0,79.0,305.0,10320738.0,42.0,249788.0,10768.0,268037.0,NaN,NaN
DDR4_2400P_x4_cfg.yaml,603,5044877.0,17271245.0,273006.0,445141.0,3936846.0,989.0,517605.0,106682.0,10000000.0,0.0,192.0,123066.0,6476717.0,44.546875,287.601593,4.4914732,8553.0,105451.0,29231664.0,0.0,192.0,35393976.0,0.00559110427,34251.0,36212.0,2914.0,86093.0,2895.0,4.51334572,86035.0,34136.0,0.0162815508,86035.0,19.0,58.0,29090001.0,115.0,34136.0,2895.0,123066.0,NaN,NaN
DDR4_2400P_x4_cfg.yaml,607,15640393.0,41808416.0,3374605.0,5746143.0,5801469.0,170180.0,906668.0,1259510.0,10000000.0,0.0,25715.0,1275884.0,15678156.0,35.0989685,160.701981,10.9012632,902570.0,106596808.0,277611735.0,0.0,25715.0,205037081.0,0.00658380985,1079064.0,103222.0,7101.0,215432.0,6233.0,17.706913,214924.0,1054725.0,6.79906559,214924.0,868.0,508.0,170911705.0,24339.0,1054725.0,6233.0,1275884.0,NaN,NaN
DDR4_2400P_x4_cfg.yaml,619,1672419.0,7400958.0,0.0,894609.0,2690737.0,54639.0,1689440.0,127542.0,10000000.0,0.0,20232.0,143926.0,2775359.0,38.0843697,57.0776634,1.87907696,770523.0,2737145.0,7967846.0,0.0,20232.0,8214960.0,0.00561657082,154626.0,15588.0,2758.0,6774.0,2521.0,2.87092447,4138.0,137267.0,0.986230969,4138.0,237.0,2636.0,5215113.0,17359.0,137267.0,2521.0,143926.0,NaN,NaN
DDR4_2400P_x4_cfg.yaml,621,3003627.0,10137384.0,41327.0,773078.0,3778389.0,22553.0,453331.0,290496.0,10000000.0,0.0,4544.0,306880.0,3801519.0,44.6525078,57.2027359,2.78267241,202901.0,816881.0,11417308.0,0.0,4544.0,17554375.0,0.00579899782,283208.0,22045.0,6011.0,22205.0,5848.0,3.00335407,20673.0,280359.0,0.214882791,20673.0,163.0,1532.0,10578382.0,2849.0,280359.0,5848.0,306880.0,NaN,NaN
DDR4_2400P_x4_cfg.yaml,628,905878.0,7520811.0,29584.0,219288.0,2886862.0,36257.0,2677051.0,54747.0,10000000.0,0.0,1187.0,71131.0,2820304.0,47.7110367,76.0904236,1.25034535,56633.0,304221.0,3844937.0,0.0,1187.0,5412388.0,0.00509235868,59025.0,14362.0,3195.0,10098.0,2996.0,1.36330593,9655.0,58480.0,0.107868157,9655.0,199.0,443.0,3526354.0,545.0,58480.0,2996.0,71131.0,NaN,NaN
DDR4_2400P_x4_cfg.yaml,638,122466.0,4599014.0,2059.0,12310.0,2673524.0,248.0,1106106.0,0.0,10000000.0,0.0,0.0,2705.0,1724630.0,NaN,75.6011124,0.0717353895,0.0,0.0,131795.0,0.0,0.0,204501.0,0.00468390342,1747.0,8078.0,941.0,17.0,941.0,0.0764192864,17.0,1747.0,0.0,17.0,0.0,0.0,123717.0,0.0,1747.0,941.0,2705.0,NaN,NaN
DDR4_2400P_x4_cfg.yaml,644,328091.0,4878346.0,0.0,28357.0,2889827.0,24.0,256393.0,0.0,10000000.0,0.0,0.0,10722.0,1829380.0,NaN,52.9607353,0.184364095,0.0,0.0,344918.0,0.0,0.0,567845.0,0.00417955825,9923.0,7646.0,659.0,140.0,659.0,0.188543662,140.0,9923.0,0.0,140.0,0.0,0.0,337272.0,0.0,9923.0,659.0,10722.0,NaN,NaN
DDR4_2400P_x4_cfg.yaml,649,7956.0,4355442.0,0.0,556.0,2446933.0,187.0,1544168.0,0.0,10000000.0,0.0,0.0,284.0,1633291.0,NaN,72.2570419,0.0059726038,0.0,0.0,11384.0,0.0,0.0,20521.0,0.000997372787,133.0,1629.0,104.0,47.0,104.0,0.0069699767,47.0,133.0,0.0,47.0,0.0,0.0,9755.0,0.0,133.0,104.0,284.0,NaN,NaN
DDR4_2400P_x4_cfg.yaml,654,3078542.0,9649451.0,0.0,891873.0,2434872.0,197319.0,2047128.0,174858.0,10000000.0,0.0,17928.0,191242.0,3618544.0,52.2630539,55.5129662,1.7062155,936972.0,2030319.0,8226955.0,0.0,17928.0,10616411.0,0.00625113305,177943.0,22620.0,7014.0,24213.0,5422.0,2.27355385,14095.0,171725.0,0.561087251,14095.0,1592.0,10118.0,6174016.0,6218.0,171725.0,5422.0,191242.0,NaN,NaN
DDR4_2933V_x4_cfg.yaml,600,63324.0,4515101.0,287.0,8358.0,2452259.0,513.0,1518326.0,0.0,10000000.0,0.0,0.0,3487.0,1693163.0,NaN,76.974762,0.0790514573,0.0,0.0,137272.0,0.0,0.0,268411.0,0.00202284125,2312.0,3425.0,735.0,440.0,735.0,0.0810742974,440.0,2312.0,0.0,440.0,0.0,0.0,133847.0,0.0,2312.0,735.0,3487.0,NaN,NaN
DDR4_2933V_x4_cfg.yaml,602,3182377.0,8873060.0,119.0,1199711.0,2802958.0,1548.0,52147.0,181510.0,10000000.0,0.0,407.0,197891.0,3327398.0,57.9189186,53.6564102,1.72307825,23573.0,199296.0,5951100.0,0.0,407.0,10618121.0,0.00554096606,190640.0,18437.0,5243.0,2415.0,5200.0,1.78851461,2266.0,190425.0,0.0598954484,2266.0,43.0,149.0,5733367.0,215.0,190425.0,5200.0,197891.0,NaN,NaN
DDR4_2933V_x4_cfg.yaml,605,1448554.0,7106672.0,160052.0,463040.0,2901612.0,2102.0,779352.0,129090.0,10000000.0,0.0,274.0,145474.0,2665002.0,77.3649597,104.639503,3.2023797,21198.0,133327.0,8685379.0,0.0,274.0,15222327.0,0.00664314721,87365.0,17704.0,6275.0,52108.0,6257.0,3.25905156,51862.0,87355.0,0.0500288568,51862.0,18.0,246.0,8534348.0,10.0,87355.0,6257.0,145474.0,NaN,NaN
DDR4_2933V_x4_cfg.yaml,625,742711.0,6006242.0,1925.0,75994.0,2646913.0,12224.0,1328001.0,21573.0,10000000.0,0.0,965.0,37957.0,2252341.0,68.4818649,97.3184128,0.989136219,66085.0,88390.0,2328634.0,0.0,965.0,3693915.0,0.00549295172,27133.0,12372.0,3822.0,7967.0,3705.0,1.03387272,7353.0,26899.0,0.0392436124,7353.0,117.0,614.0,2227872.0,234.0,26899.0,3705.0,37957.0,NaN,NaN
DDR4_2933V_x4_cfg.yaml,631,260177.0,4586261.0,0.0,14753.0,2446877.0,11411.0,1180453.0,4.0,10000000.0,0.0,1.0,5531.0,1719848.0,80.0,105.74073,0.170792416,80.0,86.0,302854.0,0.0,1.0,584852.0,0.00525104534,1844.0,9031.0,2446.0,1242.0,2446.0,0.176093474,1241.0,1844.0,5.00044189,1241.0,0.0,1.0,293737.0,0.0,1844.0,2446.0,5531.0,NaN,NaN
DDR4_2933V_x4_cfg.yaml,657,377093.0,5166597.0,0.0,40025.0,2523907.0,34.0,644922.0,34.0,10000000.0,0.0,0.0,15959.0,1937474.0,NaN,65.4031601,0.343428105,0.0,0.0,673931.0,0.0,0.0,1043769.0,0.00441193022,15661.0,8548.0,298.0,0.0,298.0,0.347840011,0.0,15661.0,0.0,0.0,0.0,0.0,665383.0,0.0,15661.0,298.0,15959.0,NaN,NaN
DDR4_2933V_x4_cfg.yaml,641,84340.0,4232975.0,164.0,3938.0,2473093.0,738.0,942668.0,0.0,10000000.0,0.0,0.0,1939.0,1587366.0,NaN,96.2980881,0.0597524457,0.0,0.0,101943.0,0.0,0.0,186722.0,0.00446903845,826.0,7094.0,864.0,249.0,864.0,0.0642214864,249.0,826.0,0.0,249.0,0.0,0.0,94849.0,0.0,826.0,864.0,1939.0,NaN,NaN
DDR4_2933V_x4_cfg.yaml,648,3590.0,4672144.0,171.0,914.0,2456174.0,137.0,1559963.0,0.0,10000000.0,0.0,0.0,220.0,1752054.0,NaN,87.2363663,0.00692501478,0.0,0.0,12628.0,0.0,0.0,19192.0,0.000282525551,174.0,495.0,37.0,9.0,37.0,0.00720754033,9.0,174.0,0.0,9.0,0.0,0.0,12133.0,0.0,174.0,37.0,220.0,NaN,NaN
DDR4_2933V_x4_cfg.yaml,620,2326878.0,9402171.0,44765.0,220243.0,2608586.0,37000.0,1401773.0,96744.0,10000000.0,0.0,18390.0,113126.0,3525814.0,78.0008163,107.514137,1.7204175,1434435.0,2225665.0,8317577.0,0.0,18390.0,12162644.0,0.00738552865,51975.0,26040.0,10531.0,69010.0,9324.0,2.35905147,52191.0,51611.0,0.631248534,52191.0,1207.0,16819.0,6065872.0,364.0,51611.0,9324.0,113126.0,NaN,NaN
DDR4_2933V_x4_cfg.yaml,623,3046476.0,10943821.0,2661.0,881255.0,2701221.0,2053.0,126691.0,251653.0,10000000.0,0.0,426.0,268037.0,4103933.0,72.5962448,73.2674179,3.07427955,30926.0,33279.0,12673968.0,0.0,426.0,19638378.0,0.00586071936,249941.0,24052.0,10442.0,8080.0,10350.0,3.08824921,7783.0,249904.0,0.0081090508,7783.0,92.0,297.0,12616637.0,37.0,249904.0,10350.0,268037.0,NaN,NaN
DDR4_2933V_x4_cfg.yaml,603,6189777.0,20305453.0,269811.0,441946.0,3933651.0,1058.0,517605.0,106682.0,10000000.0,0.0,192.0,123066.0,7614545.0,54.8645821,351.941681,4.65728712,10534.0,136796.0,35643502.0,0.0,192.0,43312056.0,0.0057233884,34325.0,43581.0,2779.0,86154.0,2757.0,4.68097639,86100.0,34209.0,0.0179650914,86100.0,22.0,54.0,35463125.0,116.0,34209.0,2757.0,123066.0,NaN,NaN
DDR4_2933V_x4_cfg.yaml,607,17505942.0,46691531.0,1718624.0,4012973.0,4138032.0,187223.0,914124.0,1259510.0,10000000.0,0.0,25715.0,1275894.0,17509324.0,44.7688103,163.256897,9.71343422,1151230.0,81911022.0,252097649.0,0.0,25715.0,208298492.0,0.00633748062,1141498.0,110965.0,7246.0,152857.0,6076.0,14.3979082,151565.0,1118248.0,4.6781373,151565.0,1170.0,1292.0,170075662.0,23250.0,1118248.0,6076.0,1275894.0,NaN,NaN
DDR4_2933V_x4_cfg.yaml,619,2018083.0,8316587.0,0.0,894445.0,2690737.0,53834.0,1689440.0,127542.0,10000000.0,0.0,20232.0,143926.0,3118720.0,47.5576324,70.8394699,2.10449934,962186.0,3555984.0,10138099.0,0.0,20232.0,10195642.0,0.00601881556,154785.0,18771.0,2337.0,7036.0,2101.0,3.25072432,4195.0,137630.0,1.14020622,4195.0,236.0,2841.0,6563344.0,17155.0,137630.0,2101.0,143926.0,NaN,NaN
DDR4_2933V_x4_cfg.yaml,621,3468700.0,11336200.0,48985.0,780261.0,3785564.0,22430.0,453814.0,290496.0,10000000.0,0.0,4544.0,306880.0,4251075.0,54.1885986,67.6906052,2.88949633,246233.0,1168670.0,13477771.0,0.0,4544.0,20772891.0,0.00603023963,283319.0,25635.0,6192.0,21913.0,6037.0,3.17043829,20533.0,280310.0,0.274911642,20533.0,155.0,1380.0,12283466.0,3009.0,280310.0,6037.0,306880.0,NaN,NaN
DDR4_2933V_x4_cfg.yaml,628,1081653.0,7978107.0,25704.0,216043.0,2882941.0,37596.0,2677092.0,54746.0,10000000.0,0.0,1187.0,71130.0,2991790.0,59.1592255,93.9056091,1.4602114,70222.0,409692.0,4794238.0,0.0,1187.0,6679506.0,0.00531454431,59017.0,15900.0,3159.0,10141.0,2961.0,1.6024648,9704.0,58465.0,0.136938751,9704.0,198.0,437.0,4368646.0,552.0,58465.0,2961.0,71130.0,NaN,NaN
DDR4_2933V_x4_cfg.yaml,638,153407.0,4678227.0,307.0,10548.0,2671773.0,261.0,1106105.0,0.0,10000000.0,0.0,0.0,2705.0,1754335.0,NaN,88.6613693,0.0821992382,0.0,0.0,152694.0,0.0,0.0,239829.0,0.00483887037,1847.0,8489.0,840.0,18.0,840.0,0.0870381072,18.0,1847.0,0.0,18.0,0.0,0.0,144205.0,0.0,1847.0,840.0,2705.0,NaN,NaN
DDR4_2933V_x4_cfg.yaml,644,376864.0,5008029.0,0.0,28348.0,2889827.0,24.0,256393.0,0.0,10000000.0,0.0,0.0,10722.0,1878011.0,NaN,62.7479935,0.209456712,0.0,0.0,401845.0,0.0,0.0,672784.0,0.00451701274,9950.0,8483.0,629.0,143.0,629.0,0.213973716,143.0,9950.0,0.0,143.0,0.0,0.0,393362.0,0.0,9950.0,629.0,10722.0,NaN,NaN
DDR4_2933V_x4_cfg.yaml,649,14143.0,4367692.0,0.0,556.0,2446933.0,185.0,1544168.0,0.0,10000000.0,0.0,0.0,284.0,1637885.0,NaN,111.676056,0.0115301134,0.0,0.0,20662.0,0.0,0.0,31716.0,0.00108493573,144.0,1777.0,93.0,47.0,93.0,0.0126150493,47.0,144.0,0.0,47.0,0.0,0.0,18885.0,0.0,144.0,93.0,284.0,NaN,NaN
DDR4_2933V_x4_cfg.yaml,654,3626159.0,11016057.0,1.0,889657.0,2434862.0,202035.0,2047129.0,174857.0,10000000.0,0.0,17928.0,191241.0,4131021.0,65.3048859,68.0695496,1.83563411,1170786.0,2632647.0,10241837.0,0.0,17928.0,13017689.0,0.00632942794,177619.0,26147.0,7132.0,24418.0,5546.0,2.47925067,14216.0,171479.0,0.637287259,14216.0,1586.0,10202.0,7583043.0,6140.0,171479.0,5546.0,191241.0,NaN,NaN
