total_num_other_requests,total_num_write_requests,total_wait_cycles,total_num_read_requests,memory_system_cycles,total_rfm_cycles_rank3,total_rfm_cycles_rank1,total_rfm_cycles_rank2,total_rfm_cycles_rank0,total_rfm_cycles_rank3_1,total_rfm_cycles_rank1_1,total_rfm_cycles_rank2_1,total_rfm_cycles_rank0_1,avg_write_latency_0,write_depart_latency_0,avg_read_latency_0,read_queue_len_avg_0,row_hit_rate_0,write_queue_len_0,queue_len_0,num_other_reqs_0,num_write_reqs_0,read_latency_0,priority_queue_len_avg_0,row_hits_0,priority_queue_len_0,row_misses_0,row_conflicts_0,read_row_misses_0,queue_len_avg_0,read_row_conflicts_core_0,read_row_hits_0,write_queue_len_avg_0,read_row_conflicts_0,write_row_misses_0,write_row_conflicts_0,read_queue_len_0,write_row_hits_0,read_row_hits_core_0,read_row_misses_core_0,num_read_reqs_0,avg_write_latency_0_1,write_depart_latency_0_1,avg_read_latency_0_1,read_queue_len_avg_0_1,row_hit_rate_0_1,write_queue_len_0_1,queue_len_0_1,num_other_reqs_0_1,num_write_reqs_0_1,read_latency_0_1,priority_queue_len_avg_0_1,row_hits_0_1,priority_queue_len_0_1,row_misses_0_1,row_conflicts_0_1,read_row_misses_0_1,queue_len_avg_0_1,read_row_conflicts_core_0_1,read_row_hits_0_1,write_queue_len_avg_0_1,read_row_conflicts_0_1,write_row_misses_0_1,write_row_conflicts_0_1,read_queue_len_0_1,write_row_hits_0_1,read_row_hits_core_0_1,read_row_misses_core_0_1,num_read_reqs_0_1,trace,timing
0.0,0.0,0.0,1000000.0,8626821.0,0.0,0.0,0.0,0.0,0.0,0.0,0.0,0.0,.,0.0,22.8945427,32.9573975,0.997254908,0.0,346427402.0,0.0,0.0,348263929.0,0.0130045591,997222.0,112188.0,2227.0,518.0,2227.0,40.1570168,0.0,997222.0,0.0,518.0,0.0,0.0,284317572.0,0.0,0.0,0.0,15211657.0,.,0.0,.,0.0,.,0.0,692.0,0.0,0.0,0.0,8.02149516,0.0,692.0,0.0,0.0,0.0,8.02149516,0.0,0.0,0.0,0.0,0.0,0.0,0.0,0.0,0.0,0.0,0.0,657,DDR5_3200AN
0.0,0.0,0.0,1000000.0,7855418.0,0.0,0.0,0.0,0.0,0.0,0.0,0.0,0.0,.,0.0,23.9245338,32.921627,0.997583926,0.0,314713301.0,0.0,0.0,314717257.0,0.0130176395,997551.0,102259.0,1918.0,498.0,1918.0,40.0632172,0.0,997551.0,0.0,498.0,0.0,0.0,258613146.0,0.0,0.0,0.0,13154582.0,.,0.0,.,0.0,.,0.0,630.0,0.0,0.0,0.0,8.01994247,0.0,630.0,0.0,0.0,0.0,8.01994247,0.0,0.0,0.0,0.0,0.0,0.0,0.0,0.0,0.0,0.0,0.0,657,DDR5_4800AN
0.0,0.0,0.0,1000000.0,7149393.0,0.0,0.0,0.0,0.0,0.0,0.0,0.0,0.0,.,0.0,25.6603146,32.8901482,0.997753918,0.0,289238241.0,0.0,0.0,289239193.0,0.0133913467,997721.0,95740.0,1744.0,502.0,1744.0,40.456337,0.0,997721.0,0.0,502.0,0.0,0.0,235144613.0,0.0,0.0,0.0,11271849.0,.,0.0,.,0.0,.,0.0,573.0,0.0,0.0,0.0,8.01466667,0.0,573.0,0.0,0.0,0.0,8.01466667,0.0,0.0,0.0,0.0,0.0,0.0,0.0,0.0,0.0,0.0,0.0,657,DDR5_6400AN
0.0,75295.0,22043.0,924705.0,10014697.0,0.0,0.0,0.0,0.0,0.0,0.0,0.0,0.0,2100.28882,158141252.0,16021.4619,32.9549484,0.433837831,156417436.0,543818301.0,0.0,75295.0,355915632490.0,0.0244558565,403913.0,244918.0,80488.0,446622.0,76215.0,54.302021,0.0,355867.0,15.6187887,423659.0,4273.0,22963.0,330033817.0,48046.0,0.0,0.0,22214928.0,2022.92505,152316139.0,.,0.0,0.827809751,151568014.0,151705544.0,0.0,75295.0,0.0,0.013732817,62320.0,137530.0,8945.0,4018.0,0.0,15.1482906,0.0,0.0,15.1345587,0.0,8945.0,4018.0,0.0,62320.0,0.0,0.0,0.0,cc_web,DDR5_3200AN
0.0,75295.0,16415.0,924705.0,7063630.0,0.0,0.0,0.0,0.0,0.0,0.0,0.0,0.0,1475.76709,111117883.0,17202.6289,32.9254646,0.482562006,109687917.0,394066328.0,0.0,75295.0,246778850161.0,0.0244859941,449756.0,172960.0,56677.0,425584.0,52639.0,55.7880783,0.0,401286.0,15.5285482,402815.0,4038.0,22769.0,232573317.0,48470.0,0.0,0.0,14345416.0,1409.96289,106163161.0,.,0.0,0.840378344,105520600.0,105618633.0,0.0,75295.0,0.0,0.0138785578,63262.0,98033.0,7545.0,4471.0,0.0,14.9524584,0.0,0.0,14.9385796,0.0,7545.0,4471.0,0.0,63262.0,0.0,0.0,0.0,cc_web,DDR5_4800AN
0.0,75295.0,16039.0,924705.0,5597948.0,0.0,0.0,0.0,0.0,0.0,0.0,0.0,0.0,1160.49341,87379353.0,18709.8203,32.8548622,0.527946293,86027861.0,319922966.0,0.0,75295.0,195273115054.0,0.0247872975,492056.0,138758.0,39383.0,400580.0,35070.0,57.1500435,0.0,443382.0,15.3677502,378282.0,4313.0,22298.0,183919808.0,48674.0,0.0,0.0,10436932.0,1096.82178,82585197.0,.,0.0,0.848152399,82000753.0,82081121.0,0.0,75295.0,0.0,0.0143566895,63854.0,80368.0,6679.0,4753.0,0.0,14.6627159,0.0,0.0,14.6483593,0.0,6679.0,4753.0,0.0,63854.0,0.0,0.0,0.0,cc_web,DDR5_6400AN
0.0,111238.0,22235.0,888762.0,11020453.0,0.0,0.0,0.0,0.0,0.0,0.0,0.0,0.0,1560.99658,173642139.0,12197.3525,32.9777908,0.508716166,170785110.0,589427633.0,0.0,111238.0,316209420967.0,0.0247579664,479261.0,272844.0,85251.0,377587.0,77615.0,53.4848824,0.0,411879.0,15.4971037,341385.0,7636.0,36202.0,363430166.0,67382.0,0.0,0.0,25924431.0,1507.9762,167744250.0,.,0.0,0.56719625,164776842.0,164940332.0,0.0,111238.0,0.0,0.0148351435,63083.0,163490.0,19286.0,28850.0,0.0,14.9667473,0.0,0.0,14.9519129,0.0,19286.0,28850.0,0.0,63083.0,0.0,0.0,0.0,cc_twi,DDR5_3200AN
0.0,111238.0,19106.0,888762.0,8102612.0,0.0,0.0,0.0,0.0,0.0,0.0,0.0,0.0,1125.63171,125213016.0,12585.1934,32.9661255,0.546799779,122874280.0,439834048.0,0.0,111238.0,228339708048.0,0.0241014864,515618.0,195285.0,62983.0,364373.0,55645.0,54.2829933,0.0,447145.0,15.1647739,328951.0,7338.0,35422.0,267111733.0,68473.0,0.0,0.0,18143521.0,1094.03577,121698347.0,.,0.0,0.579797208,119123454.0,119244950.0,0.0,111238.0,0.0,0.0149946706,64492.0,121496.0,16170.0,30570.0,0.0,14.7168531,0.0,0.0,14.7018585,0.0,16170.0,30570.0,0.0,64492.0,0.0,0.0,0.0,cc_twi,DDR5_4800AN
0.0,111238.0,19379.0,888762.0,6547275.0,0.0,0.0,0.0,0.0,0.0,0.0,0.0,0.0,897.734741,99862218.0,13166.834,32.9393234,0.580980718,97705443.0,361457765.0,0.0,111238.0,184282426915.0,0.0248630159,547920.0,162785.0,46646.0,348529.0,39032.0,55.2073593,0.0,478514.0,14.92307,314317.0,7614.0,34212.0,215662801.0,69406.0,0.0,0.0,13995956.0,870.534363,96836501.0,.,0.0,0.587366939,94417856.0,94521764.0,0.0,111238.0,0.0,0.0158704203,65334.0,103908.0,14029.0,31869.0,0.0,14.4368095,0.0,0.0,14.4209394,0.0,14029.0,31869.0,0.0,65334.0,0.0,0.0,0.0,cc_twi,DDR5_6400AN
0.0,107651.0,18121.0,892349.0,11374652.0,0.0,0.0,0.0,0.0,0.0,0.0,0.0,0.0,1651.42212,177777253.0,4125.72266,32.9607582,0.637779355,176632022.0,607082348.0,0.0,107651.0,102898969256.0,0.0226930026,626520.0,258125.0,84163.0,271663.0,78583.0,53.3715096,0.0,538956.0,15.5285645,257180.0,5580.0,14483.0,374917157.0,87564.0,0.0,0.0,24940836.0,1599.33411,172169920.0,.,0.0,0.807929218,171047787.0,171215241.0,0.0,107651.0,0.0,0.0147216814,86955.0,167454.0,11265.0,9407.0,0.0,15.05235,0.0,0.0,15.0376282,0.0,11265.0,9407.0,0.0,86955.0,0.0,0.0,0.0,cc_road,DDR5_3200AN
0.0,107651.0,12982.0,892349.0,8295136.0,0.0,0.0,0.0,0.0,0.0,0.0,0.0,0.0,1185.56665,127627442.0,4449.30469,32.9382973,0.67368418,126617331.0,449962064.0,0.0,107651.0,74431495519.0,0.0222957171,661956.0,184946.0,60281.0,260354.0,54752.0,54.2440834,0.0,574048.0,15.2640448,246158.0,5529.0,14196.0,273227662.0,87908.0,0.0,0.0,16728793.0,1149.65112,123761085.0,.,0.0,0.815790713,122726357.0,122851732.0,0.0,107651.0,0.0,0.0151142795,87806.0,125375.0,9931.0,9896.0,0.0,14.810092,0.0,0.0,14.7949791,0.0,9931.0,9896.0,0.0,87806.0,0.0,0.0,0.0,cc_road,DDR5_4800AN
0.0,107651.0,14194.0,892349.0,6602460.0,0.0,0.0,0.0,0.0,0.0,0.0,0.0,0.0,931.944763,100324788.0,4812.90918,32.8800583,0.701256216,99357316.0,364772938.0,0.0,107651.0,58789628065.0,0.0234670099,689121.0,154940.0,44444.0,249130.0,38668.0,55.2480316,0.0,601152.0,15.0485296,235238.0,5776.0,13892.0,217089280.0,87969.0,0.0,0.0,12214989.0,899.326355,96813384.0,.,0.0,0.820600748,95849959.0,95952616.0,0.0,107651.0,0.0,0.0155482953,88327.0,102657.0,8976.0,10334.0,0.0,14.5328579,0.0,0.0,14.5173101,0.0,8976.0,10334.0,0.0,88327.0,0.0,0.0,0.0,cc_road,DDR5_6400AN
0.0,158658.0,46210.0,841342.0,11284508.0,0.0,0.0,0.0,0.0,0.0,0.0,0.0,0.0,1133.65723,179863785.0,5964.83301,32.9682655,0.401905954,175792517.0,600200396.0,0.0,158658.0,153827336063.0,0.0269148648,391034.0,303721.0,100484.0,481431.0,84386.0,53.1879959,0.0,293552.0,15.5782166,436376.0,16098.0,45055.0,372030654.0,97482.0,0.0,0.0,25789042.0,1057.2439,167740203.0,.,0.0,0.723194778,165158372.0,165342099.0,0.0,158658.0,0.0,0.0162813477,114724.0,183727.0,17090.0,26821.0,0.0,14.652132,0.0,0.0,14.63585,0.0,17090.0,26821.0,0.0,114724.0,0.0,0.0,0.0,pr_road,DDR5_3200AN
0.0,158658.0,34697.0,841342.0,8099757.0,0.0,0.0,0.0,0.0,0.0,0.0,0.0,0.0,799.040649,126774192.0,6060.24072,32.9510155,0.452199668,123512276.0,437676079.0,0.0,158658.0,104820175504.0,0.0260870792,440537.0,211299.0,74124.0,459548.0,58134.0,54.0357018,0.0,340968.0,15.2488861,416469.0,15990.0,43079.0,266895223.0,99569.0,0.0,0.0,17296373.0,746.591125,118452654.0,.,0.0,0.734767616,116195063.0,116328873.0,0.0,158658.0,0.0,0.0165202487,116565.0,133810.0,14296.0,27781.0,0.0,14.3620195,0.0,0.0,14.3455,0.0,14296.0,27781.0,0.0,116565.0,0.0,0.0,0.0,pr_road,DDR5_4800AN
0.0,158658.0,36548.0,841342.0,6636636.0,0.0,0.0,0.0,0.0,0.0,0.0,0.0,0.0,640.278748,101585347.0,6321.68359,32.9119568,0.493657082,98622188.0,362639874.0,0.0,158658.0,84677166343.0,0.027176721,481095.0,180362.0,57146.0,436312.0,40271.0,54.6421204,0.0,380454.0,14.8602686,395185.0,16875.0,41127.0,218424692.0,100641.0,0.0,0.0,13394717.0,595.001099,94401683.0,.,0.0,0.737902105,92268476.0,92390106.0,0.0,158658.0,0.0,0.0183270555,117063.0,121630.0,13023.0,28557.0,0.0,13.9212255,0.0,0.0,13.9028988,0.0,13023.0,28557.0,0.0,117063.0,0.0,0.0,0.0,pr_road,DDR5_6400AN
0.0,0.0,0.0,1000000.0,8934878.0,0.0,0.0,0.0,0.0,0.0,0.0,0.0,0.0,.,0.0,18.3331814,32.9857254,0.997298896,0.0,356837427.0,0.0,0.0,358826684.0,0.0130188679,997266.0,116322.0,2701.0,0.0,2701.0,39.9375839,0.0,997266.0,0.0,0.0,0.0,0.0,294723415.0,0.0,0.0,0.0,19572527.0,.,0.0,.,0.0,.,0.0,716.0,0.0,0.0,0.0,8.01353963,0.0,716.0,0.0,0.0,0.0,8.01353963,0.0,0.0,0.0,0.0,0.0,0.0,0.0,0.0,0.0,0.0,0.0,648,DDR5_3200AN
0.0,0.0,0.0,1000000.0,7633623.0,0.0,0.0,0.0,0.0,0.0,0.0,0.0,0.0,.,0.0,19.1273994,32.9861107,0.997635901,0.0,307903381.0,0.0,0.0,307999239.0,0.0133611523,997603.0,101994.0,2364.0,0.0,2364.0,40.3351593,0.0,997603.0,0.0,0.0,0.0,0.0,251803523.0,0.0,0.0,0.0,16102515.0,.,0.0,.,0.0,.,0.0,612.0,0.0,0.0,0.0,8.01716305,0.0,612.0,0.0,0.0,0.0,8.01716305,0.0,0.0,0.0,0.0,0.0,0.0,0.0,0.0,0.0,0.0,0.0,648,DDR5_4800AN
0.0,0.0,0.0,1000000.0,6679703.0,0.0,0.0,0.0,0.0,0.0,0.0,0.0,0.0,.,0.0,20.2388821,32.9780579,0.997891903,0.0,274371707.0,0.0,0.0,274413459.0,0.013497307,997859.0,90158.0,2108.0,0.0,2108.0,41.0754356,0.0,997859.0,0.0,0.0,0.0,0.0,220283631.0,0.0,0.0,0.0,13558727.0,.,0.0,.,0.0,.,0.0,535.0,0.0,0.0,0.0,8.00933849,0.0,535.0,0.0,0.0,0.0,8.00933849,0.0,0.0,0.0,0.0,0.0,0.0,0.0,0.0,0.0,0.0,0.0,648,DDR5_6400AN
0.0,7099.0,437.0,992901.0,9400852.0,0.0,0.0,0.0,0.0,0.0,0.0,0.0,0.0,20864.9043,148119953.0,18.0547333,32.9872055,0.980184972,148221727.0,520009324.0,0.0,7099.0,376499273.0,0.0129639311,980134.0,121872.0,11643.0,8171.0,10734.0,55.3151245,0.0,974669.0,15.76684,7465.0,909.0,706.0,310107836.0,5465.0,0.0,0.0,20853217.0,20839.0352,147936307.0,.,0.0,0.816666663,148068260.0,148109098.0,0.0,7099.0,0.0,0.00434407452,5782.0,40838.0,1155.0,143.0,0.0,15.7548599,0.0,0.0,15.750515,0.0,1155.0,143.0,0.0,5782.0,0.0,0.0,0.0,625,DDR5_3200AN
0.0,7099.0,172.0,992901.0,8143850.0,0.0,0.0,0.0,0.0,0.0,0.0,0.0,0.0,18034.8652,128029504.0,18.6100845,32.9861069,0.981392026,128093869.0,452428771.0,0.0,7099.0,325699030.0,0.0123063419,981341.0,100221.0,10242.0,8365.0,9356.0,55.5546532,0.0,975872.0,15.7289085,7640.0,886.0,725.0,268633904.0,5469.0,0.0,0.0,17501213.0,18004.0332,127810632.0,.,0.0,0.81878531,127896169.0,127934133.0,0.0,7099.0,0.0,0.00466167741,5797.0,37964.0,1140.0,143.0,0.0,15.7092943,0.0,0.0,15.7046318,0.0,1140.0,143.0,0.0,5797.0,0.0,0.0,0.0,625,DDR5_4800AN
0.0,7099.0,104.0,992901.0,7191351.0,0.0,0.0,0.0,0.0,0.0,0.0,0.0,0.0,15896.4609,112848978.0,19.5104103,32.9800262,0.983169138,112887263.0,403760188.0,0.0,7099.0,291899415.0,0.0120966146,983118.0,86991.0,8608.0,8222.0,7763.0,56.1452484,0.0,977632.0,15.6976433,7473.0,845.0,749.0,237170937.0,5486.0,0.0,0.0,14961214.0,15872.1445,112676351.0,.,0.0,0.822457612,112730582.0,112765802.0,0.0,7099.0,0.0,0.00489754975,5823.0,35220.0,1114.0,143.0,0.0,15.6807528,0.0,0.0,15.6758566,0.0,1114.0,143.0,0.0,5823.0,0.0,0.0,0.0,625,DDR5_6400AN
0.0,196136.0,58622.0,803864.0,10997037.0,0.0,0.0,0.0,0.0,0.0,0.0,0.0,0.0,903.715393,177251113.0,11082.0293,32.9621086,0.354264319,171450199.0,583913128.0,0.0,196136.0,279646793532.0,0.02836564,336228.0,311938.0,92413.0,520447.0,70668.0,53.0973167,0.0,222020.0,15.5905809,460283.0,21745.0,60164.0,362485550.0,114208.0,0.0,0.0,25234259.0,824.110046,161637653.0,.,0.0,0.611996949,156978851.0,157177108.0,0.0,196136.0,0.0,0.0180282202,120023.0,198257.0,22414.0,53680.0,0.0,14.2926779,0.0,0.0,14.2746496,0.0,22414.0,53680.0,0.0,120023.0,0.0,0.0,0.0,bfs_road,DDR5_3200AN
0.0,196136.0,53354.0,803864.0,8067057.0,0.0,0.0,0.0,0.0,0.0,0.0,0.0,0.0,644.374512,126385044.0,11424.1846,32.938591,0.394290477,121934212.0,432793998.0,0.0,196136.0,199020449079.0,0.0280708317,374738.0,226449.0,70934.0,504739.0,49583.0,53.6495514,0.0,257409.0,15.1150799,447305.0,21351.0,57434.0,265717498.0,117329.0,0.0,0.0,17420977.0,592.480652,116206785.0,.,0.0,0.620363653,112152906.0,112306648.0,0.0,196136.0,0.0,0.019058004,121662.0,153742.0,18540.0,55912.0,0.0,13.9216385,0.0,0.0,13.9025803,0.0,18540.0,55912.0,0.0,121662.0,0.0,0.0,0.0,bfs_road,DDR5_4800AN
0.0,196136.0,59135.0,803864.0,6804336.0,0.0,0.0,0.0,0.0,0.0,0.0,0.0,0.0,530.835571,104115968.0,11801.3203,32.8929634,0.431100905,100153579.0,367556217.0,0.0,196136.0,165852466266.0,0.0280290395,409911.0,190719.0,57173.0,483763.0,35054.0,54.0179405,0.0,291009.0,14.7190819,428662.0,22119.0,55101.0,223814785.0,118902.0,0.0,0.0,14053721.0,489.791687,96065783.0,.,0.0,0.624723375,92226194.0,92360155.0,0.0,196136.0,0.0,0.019687593,122522.0,133961.0,16482.0,57118.0,0.0,13.57372,0.0,0.0,13.5540323,0.0,16482.0,57118.0,0.0,122522.0,0.0,0.0,0.0,bfs_road,DDR5_6400AN
0.0,7225.0,1233.0,992775.0,9052513.0,0.0,0.0,0.0,0.0,0.0,0.0,0.0,0.0,17804.5938,128638182.0,18.8475456,32.9870567,0.919994771,128367835.0,488674310.0,0.0,7225.0,377187162.0,0.015490395,919946.0,140227.0,32214.0,47787.0,30599.0,53.9821701,0.0,917998.0,14.1803532,44146.0,1615.0,3641.0,298615758.0,1948.0,0.0,0.0,20012535.0,17770.166,128389456.0,.,0.0,0.332639188,128198238.0,128249713.0,0.0,7225.0,0.0,0.00568626635,2396.0,51475.0,2810.0,1997.0,0.0,14.167305,0.0,0.0,14.1616192,0.0,2810.0,1997.0,0.0,2396.0,0.0,0.0,0.0,620,DDR5_3200AN
0.0,7225.0,138.0,992775.0,7386526.0,0.0,0.0,0.0,0.0,0.0,0.0,0.0,0.0,14597.0117,105463408.0,19.5294132,32.9834938,0.922587574,105306884.0,404647166.0,0.0,7225.0,304071078.0,0.0153712314,922535.0,113540.0,28606.0,48802.0,27171.0,54.7817955,0.0,920505.0,14.2566185,45067.0,1435.0,3735.0,243633429.0,2030.0,0.0,0.0,15569903.0,14563.1143,105218503.0,.,0.0,0.351111114,105088897.0,105133693.0,0.0,7225.0,0.0,0.00606455607,2528.0,44796.0,2669.0,2003.0,0.0,14.2331724,0.0,0.0,14.227107,0.0,2669.0,2003.0,0.0,2528.0,0.0,0.0,0.0,620,DDR5_4800AN
0.0,7225.0,125.0,992775.0,5989904.0,0.0,0.0,0.0,0.0,0.0,0.0,0.0,0.0,11781.5811,85121922.0,21.5287113,32.9718933,0.928759873,84958880.0,336156700.0,0.0,7225.0,255020013.0,0.0152703617,928706.0,91468.0,22204.0,49032.0,20863.0,56.1205482,0.0,926660.0,14.1836796,45219.0,1341.0,3813.0,197498474.0,2046.0,0.0,0.0,11845577.0,11758.8672,84957816.0,.,0.0,0.362222224,84823811.0,84862946.0,0.0,7225.0,0.0,0.00653349375,2608.0,39135.0,2550.0,2042.0,0.0,14.1676636,0.0,0.0,14.16113,0.0,2550.0,2042.0,0.0,2608.0,0.0,0.0,0.0,620,DDR5_6400AN
0.0,315143.0,40315.0,684857.0,13209069.0,0.0,0.0,0.0,0.0,0.0,0.0,0.0,0.0,631.504456,199014202.0,2127.39502,32.9768562,0.860004961,197807907.0,676168596.0,0.0,315143.0,65778102094.0,0.0233170111,840531.0,307996.0,44411.0,92414.0,37295.0,51.189724,0.0,547443.0,14.9751587,77490.0,7116.0,14924.0,435593564.0,293088.0,0.0,0.0,30919554.0,594.808167,187449639.0,.,0.0,0.905184865,185914539.0,186184381.0,0.0,315143.0,0.0,0.0204285402,285250.0,269842.0,12658.0,17221.0,0.0,14.0951939,0.0,0.0,14.0747652,0.0,12658.0,17221.0,0.0,285250.0,0.0,0.0,0.0,bc_web,DDR5_3200AN
0.0,315143.0,24711.0,684857.0,10885375.0,0.0,0.0,0.0,0.0,0.0,0.0,0.0,0.0,501.184021,157944638.0,2236.27075,32.9709053,0.868411362,156830384.0,554336828.0,0.0,315143.0,55287401990.0,0.0235306546,848655.0,256140.0,37716.0,90879.0,30491.0,50.9249191,0.0,555705.0,14.4074392,75923.0,7225.0,14956.0,358900667.0,292950.0,0.0,0.0,24723037.0,476.22403,150078670.0,.,0.0,0.908063948,148626264.0,148854374.0,0.0,315143.0,0.0,0.0209556408,286160.0,228110.0,11599.0,17373.0,0.0,13.6747122,0.0,0.0,13.653758,0.0,11599.0,17373.0,0.0,286160.0,0.0,0.0,0.0,bc_web,DDR5_4800AN
0.0,315143.0,27977.0,684857.0,9593640.0,0.0,0.0,0.0,0.0,0.0,0.0,0.0,0.0,433.599884,136645970.0,2298.84155,32.9580536,0.876538754,135557268.0,488985372.0,0.0,315143.0,48915691615.0,0.0245229136,856381.0,235264.0,32393.0,88229.0,25333.0,50.9697456,0.0,563646.0,14.1299095,72906.0,7060.0,15323.0,316187727.0,292735.0,0.0,0.0,21278410.0,409.366333,129008938.0,.,0.0,0.90943712,127618587.0,127829259.0,0.0,315143.0,0.0,0.0219595488,286580.0,210672.0,10899.0,17639.0,0.0,13.3243752,0.0,0.0,13.3024149,0.0,10899.0,17639.0,0.0,286580.0,0.0,0.0,0.0,bc_web,DDR5_6400AN
0.0,5.0,0.0,999995.0,9550877.0,0.0,0.0,0.0,0.0,0.0,0.0,0.0,0.0,0.0,0.0,18.328476,32.9848976,0.989561617,23011462.0,400163794.0,0.0,5.0,379708498.0,0.0126012508,989525.0,120353.0,7512.0,2926.0,7512.0,41.8981209,0.0,989525.0,2.40935588,2926.0,0.0,0.0,315034676.0,0.0,0.0,0.0,20716862.0,0.0,0.0,.,0.0,.,23011462.0,23012228.0,0.0,5.0,0.0,8.02020586,0.0,766.0,0.0,0.0,0.0,2.40943623,0.0,0.0,2.40935588,0.0,0.0,0.0,0.0,0.0,0.0,0.0,0.0,641,DDR5_3200AN
0.0,5.0,0.0,999995.0,8376209.0,0.0,0.0,0.0,0.0,0.0,0.0,0.0,0.0,0.0,0.0,18.9266415,32.982872,0.989433587,20164268.0,352537513.0,0.0,5.0,332813904.0,0.0124552762,989396.0,104328.0,7530.0,3036.0,7530.0,42.0879555,0.0,989396.0,2.40732622,3036.0,0.0,0.0,276271440.0,0.0,0.0,0.0,17584414.0,0.0,0.0,.,0.0,.,20164268.0,20164940.0,0.0,5.0,0.0,8.02272261,0.0,672.0,0.0,0.0,0.0,2.40740657,0.0,0.0,2.40732622,0.0,0.0,0.0,0.0,0.0,0.0,0.0,0.0,641,DDR5_4800AN
0.0,5.0,0.0,999995.0,7264688.0,0.0,0.0,0.0,0.0,0.0,0.0,0.0,0.0,0.0,0.0,20.1070728,32.9745483,0.991273642,17478998.0,311118058.0,0.0,5.0,293972593.0,0.0126038445,991236.0,91563.0,5743.0,2983.0,5743.0,42.8260727,0.0,991236.0,2.40602183,2983.0,0.0,0.0,239549789.0,0.0,0.0,0.0,14620358.0,0.0,0.0,.,0.0,.,17478998.0,17479580.0,0.0,5.0,0.0,8.01135611,0.0,582.0,0.0,0.0,0.0,2.40610194,0.0,0.0,2.40602183,0.0,0.0,0.0,0.0,0.0,0.0,0.0,0.0,641,DDR5_6400AN
0.0,3454.0,69.0,996546.0,12670759.0,0.0,0.0,0.0,0.0,0.0,0.0,0.0,0.0,58421.6875,201788504.0,16.4016857,32.9923019,0.852567971,202853956.0,682858763.0,0.0,3454.0,493538589.0,0.0145132588,852533.0,183894.0,13105.0,134321.0,12899.0,53.8924904,0.0,852082.0,16.009613,131534.0,206.0,2787.0,418037512.0,451.0,0.0,0.0,30090725.0,58287.1875,201323953.0,.,0.0,0.131533101,202435920.0,202452336.0,0.0,3454.0,0.0,0.00129558146,453.0,16416.0,211.0,2780.0,0.0,15.9779167,0.0,0.0,15.9766216,0.0,211.0,2780.0,0.0,453.0,0.0,0.0,0.0,607,DDR5_3200AN
0.0,3454.0,76.0,996546.0,11984933.0,0.0,0.0,0.0,0.0,0.0,0.0,0.0,0.0,56905.8281,196552739.0,16.2351017,32.9930077,0.849850118,197872476.0,649266490.0,0.0,3454.0,458834079.0,0.0142393783,849811.0,170658.0,15656.0,134487.0,15447.0,54.1735611,0.0,849355.0,16.5101032,131711.0,209.0,2776.0,395418972.0,456.0,0.0,0.0,28261856.0,56393.5352,194783272.0,.,0.0,0.131938383,196056293.0,196073667.0,0.0,3454.0,0.0,0.00144965353,454.0,17374.0,211.0,2776.0,0.0,16.360014,0.0,0.0,16.3585644,0.0,211.0,2776.0,0.0,454.0,0.0,0.0,0.0,607,DDR5_4800AN
0.0,3454.0,4.0,996546.0,11083321.0,0.0,0.0,0.0,0.0,0.0,0.0,0.0,0.0,50695.5117,175102312.0,16.4836788,32.9912796,0.858372509,176412486.0,596031081.0,0.0,3454.0,426227645.0,0.0139277745,858333.0,154366.0,9114.0,132507.0,8909.0,53.7773018,0.0,857873.0,15.9169331,129732.0,205.0,2775.0,365652959.0,460.0,0.0,0.0,25857557.0,50681.1016,175052533.0,.,0.0,0.134011626,176400041.0,176416051.0,0.0,3454.0,0.0,0.00144451286,461.0,16010.0,206.0,2773.0,0.0,15.9172554,0.0,0.0,15.9158115,0.0,206.0,2773.0,0.0,461.0,0.0,0.0,0.0,607,DDR5_6400AN
0.0,487.0,88.0,999513.0,10181572.0,0.0,0.0,0.0,0.0,0.0,0.0,0.0,0.0,403881.062,196690087.0,18.2595577,32.9837646,0.961165428,198157295.0,596088900.0,0.0,487.0,406467503.0,0.0135092102,961127.0,137545.0,19793.0,19040.0,19705.0,58.5458603,0.0,960831.0,19.462347,18944.0,88.0,96.0,335826563.0,296.0,0.0,0.0,22260534.0,403857.375,196678547.0,.,0.0,0.658333361,198144929.0,198147263.0,0.0,487.0,0.0,0.000229237688,316.0,2334.0,141.0,23.0,0.0,19.4613628,0.0,0.0,19.461134,0.0,141.0,23.0,0.0,316.0,0.0,0.0,0.0,623,DDR5_3200AN
0.0,487.0,1.0,999513.0,7957100.0,0.0,0.0,0.0,0.0,0.0,0.0,0.0,0.0,315231.25,153517621.0,19.6593304,32.9793282,0.962347507,154465075.0,472960835.0,0.0,487.0,321009499.0,0.0132516874,962310.0,105445.0,18546.0,19105.0,18470.0,59.4388466,0.0,962004.0,19.4122314,19006.0,76.0,99.0,262419827.0,306.0,0.0,0.0,16328608.0,315204.5,153504590.0,.,0.0,0.690228701,154458690.0,154460432.0,0.0,487.0,0.0,0.000218923975,332.0,1742.0,128.0,21.0,0.0,19.4116497,0.0,0.0,19.4114304,0.0,128.0,21.0,0.0,332.0,0.0,0.0,0.0,623,DDR5_4800AN
0.0,487.0,9.0,999513.0,6282933.0,0.0,0.0,0.0,0.0,0.0,0.0,0.0,0.0,248738.438,121135613.0,22.180624,32.9649429,0.96659565,122001360.0,383173745.0,0.0,487.0,263154550.0,0.0134527935,966557.0,84523.0,14913.0,18490.0,14845.0,60.9864464,0.0,966252.0,19.4179001,18383.0,68.0,107.0,207116531.0,305.0,0.0,0.0,11864163.0,248708.766,121121169.0,.,0.0,0.685416639,121990468.0,121992852.0,0.0,487.0,0.0,0.000379440608,329.0,2384.0,130.0,21.0,0.0,19.416544,0.0,0.0,19.4161644,0.0,130.0,21.0,0.0,329.0,0.0,0.0,0.0,623,DDR5_6400AN
0.0,46630.0,17693.0,953370.0,11097978.0,0.0,0.0,0.0,0.0,0.0,0.0,0.0,0.0,3747.92529,174765758.0,3091.42261,32.9860344,0.199744791,173565257.0,598993487.0,0.0,46630.0,80431791089.0,0.0264025573,196922.0,293015.0,77888.0,711058.0,73889.0,53.9732094,0.0,169219.0,15.6393595,696155.0,3999.0,14903.0,366078286.0,27703.0,0.0,0.0,26017727.0,3654.95215,170430417.0,.,0.0,0.719392359,169785722.0,169921097.0,0.0,46630.0,0.0,0.0121981679,33528.0,135375.0,8061.0,5017.0,0.0,15.310997,0.0,0.0,15.2987986,0.0,8061.0,5017.0,0.0,33528.0,0.0,0.0,0.0,pr_twi,DDR5_3200AN
0.0,46630.0,15304.0,953370.0,7812864.0,0.0,0.0,0.0,0.0,0.0,0.0,0.0,0.0,2618.68311,122109192.0,3214.7168,32.9817543,0.227836803,121123464.0,432360489.0,0.0,46630.0,55477731908.0,0.0255865194,224702.0,199904.0,55579.0,705960.0,51992.0,55.3395615,0.0,196645.0,15.5030813,690987.0,3587.0,14973.0,257681956.0,28057.0,0.0,0.0,17257423.0,2549.3501,118876189.0,.,0.0,0.738877714,118254559.0,118353032.0,0.0,46630.0,0.0,0.0126039572,34445.0,98473.0,6832.0,5341.0,0.0,15.1484823,0.0,0.0,15.1358786,0.0,6832.0,5341.0,0.0,34445.0,0.0,0.0,0.0,pr_twi,DDR5_4800AN
0.0,46630.0,20122.0,953370.0,6225401.0,0.0,0.0,0.0,0.0,0.0,0.0,0.0,0.0,2088.99707,97409938.0,3357.63013,32.9712944,0.261387706,96479182.0,353386298.0,0.0,46630.0,43730406857.0,0.0262471437,257825.0,163399.0,35408.0,693137.0,31544.0,56.7652283,0.0,229802.0,15.4976654,678402.0,3864.0,14735.0,205259538.0,28023.0,0.0,0.0,13024188.0,2021.39709,94257746.0,.,0.0,0.745726347,93666370.0,93750029.0,0.0,46630.0,0.0,0.013438331,34768.0,83659.0,6299.0,5556.0,0.0,15.0592756,0.0,0.0,15.0458364,0.0,6299.0,5556.0,0.0,34768.0,0.0,0.0,0.0,pr_twi,DDR5_6400AN
0.0,516.0,25.0,999484.0,9592875.0,0.0,0.0,0.0,0.0,0.0,0.0,0.0,0.0,299706.312,154648462.0,18.0566654,32.9872551,0.962943196,157736722.0,536277174.0,0.0,516.0,386877343.0,0.0137688648,962896.0,132083.0,17593.0,19462.0,17508.0,55.903698,0.0,962594.0,16.4431114,19349.0,85.0,113.0,316442617.0,302.0,0.0,0.0,21425737.0,290506.656,149901436.0,.,0.0,0.64200002,157725672.0,157729707.0,0.0,516.0,0.0,0.000420624681,321.0,4035.0,152.0,27.0,0.0,16.4423809,0.0,0.0,16.4419594,0.0,152.0,27.0,0.0,321.0,0.0,0.0,0.0,600,DDR5_3200AN
0.0,516.0,8.0,999484.0,7950685.0,0.0,0.0,0.0,0.0,0.0,0.0,0.0,0.0,251127.281,129581684.0,18.7808437,32.9850426,0.966510355,132191711.0,450526034.0,0.0,516.0,320148869.0,0.0140426895,966463.0,111649.0,13634.0,19854.0,13551.0,56.665062,0.0,966158.0,16.6264553,19742.0,83.0,112.0,262253689.0,305.0,0.0,0.0,17046564.0,243230.484,125506926.0,.,0.0,0.643999994,132182308.0,132186297.0,0.0,516.0,0.0,0.00050171779,322.0,3989.0,150.0,28.0,0.0,16.6257744,0.0,0.0,16.6252728,0.0,150.0,28.0,0.0,322.0,0.0,0.0,0.0,600,DDR5_4800AN
0.0,516.0,0.0,999484.0,6626723.0,0.0,0.0,0.0,0.0,0.0,0.0,0.0,0.0,211286.594,109023881.0,20.2761345,32.9756088,0.970592558,111236989.0,383821974.0,0.0,516.0,274052208.0,0.0142992241,970545.0,94757.0,10160.0,19246.0,10086.0,57.92033,0.0,970238.0,16.7861233,19127.0,74.0,119.0,218520217.0,307.0,0.0,0.0,13516000.0,204352.297,105445781.0,.,0.0,0.65200001,111227740.0,111231453.0,0.0,516.0,0.0,0.000560307119,326.0,3713.0,145.0,29.0,0.0,16.7852879,0.0,0.0,16.784729,0.0,145.0,29.0,0.0,326.0,0.0,0.0,0.0,600,DDR5_6400AN
0.0,3612.0,139.0,996388.0,9255288.0,0.0,0.0,0.0,0.0,0.0,0.0,0.0,0.0,26022.127,93991916.0,18.2924995,32.9868011,0.976917982,104555533.0,471747261.0,0.0,3612.0,370806912.0,0.0124848625,976874.0,115551.0,8876.0,14205.0,8655.0,50.9705658,0.0,973710.0,11.2968435,13990.0,221.0,215.0,305302335.0,3164.0,0.0,0.0,20270982.0,26000.3984,93913441.0,.,0.0,0.906666696,104484765.0,104494657.0,0.0,3612.0,0.0,0.0010687944,3264.0,9892.0,256.0,80.0,0.0,11.2902651,0.0,0.0,11.289197,0.0,256.0,80.0,0.0,3264.0,0.0,0.0,0.0,621,DDR5_3200AN
0.0,3612.0,59.0,996388.0,7424771.0,0.0,0.0,0.0,0.0,0.0,0.0,0.0,0.0,19260.7148,69569705.0,19.6232262,32.9819794,0.979351103,78346235.0,379118100.0,0.0,3612.0,301993676.0,0.0124562765,979309.0,92485.0,7561.0,13087.0,7382.0,51.0612526,0.0,976113.0,10.5520067,12861.0,179.0,226.0,244883641.0,3196.0,0.0,0.0,15389603.0,19239.4258,69492809.0,.,0.0,0.918078303,78279840.0,78287815.0,0.0,3612.0,0.0,0.00107410725,3306.0,7975.0,209.0,86.0,0.0,10.5441389,0.0,0.0,10.5430641,0.0,209.0,86.0,0.0,3306.0,0.0,0.0,0.0,621,DDR5_4800AN
0.0,3612.0,28.0,996388.0,6153629.0,0.0,0.0,0.0,0.0,0.0,0.0,0.0,0.0,18304.9941,66117637.0,21.4736557,32.9699402,0.982648253,73442849.0,330208141.0,0.0,3612.0,257681531.0,0.012613208,982606.0,77617.0,5873.0,11478.0,5699.0,53.6607132,0.0,979397.0,11.9348841,11259.0,174.0,219.0,202884782.0,3209.0,0.0,0.0,11999891.0,18289.4727,66061572.0,.,0.0,0.923375905,73393200.0,73400105.0,0.0,3612.0,0.0,0.00112210214,3326.0,6905.0,195.0,81.0,0.0,11.9279375,0.0,0.0,11.926816,0.0,195.0,81.0,0.0,3326.0,0.0,0.0,0.0,621,DDR5_6400AN
0.0,179182.0,56410.0,820818.0,10569711.0,0.0,0.0,0.0,0.0,0.0,0.0,0.0,0.0,950.747375,170356819.0,16491.3516,32.9736099,0.311443359,164300905.0,563693291.0,0.0,179182.0,409865247126.0,0.0293605942,285042.0,310333.0,85077.0,545110.0,65238.0,53.3310051,0.0,188211.0,15.5445042,482610.0,19839.0,62500.0,348521530.0,96831.0,0.0,0.0,24853346.0,869.833374,155858486.0,.,0.0,0.569607437,151060665.0,151249921.0,0.0,179182.0,0.0,0.0179055035,102056.0,189256.0,22418.0,54695.0,0.0,14.3097496,0.0,0.0,14.2918453,0.0,22418.0,54695.0,0.0,102056.0,0.0,0.0,0.0,bc_twi,DDR5_3200AN
0.0,179182.0,54278.0,820818.0,7722528.0,0.0,0.0,0.0,0.0,0.0,0.0,0.0,0.0,680.194458,121878604.0,16961.2793,32.9583664,0.34759298,117317992.0,417825765.0,0.0,179182.0,292766218951.0,0.0283271223,318862.0,218757.0,65105.0,533376.0,46343.0,54.1047897,0.0,218930.0,15.1916561,472902.0,18762.0,60474.0,254521924.0,99932.0,0.0,0.0,17260858.0,627.839355,112497512.0,.,0.0,0.576969206,108314622.0,108458718.0,0.0,179182.0,0.0,0.0186591744,103375.0,144096.0,18306.0,57488.0,0.0,14.0444584,0.0,0.0,14.0257988,0.0,18306.0,57488.0,0.0,103375.0,0.0,0.0,0.0,bc_twi,DDR5_4800AN
0.0,179182.0,62002.0,820818.0,6486164.0,0.0,0.0,0.0,0.0,0.0,0.0,0.0,0.0,559.453491,100243993.0,17650.3242,32.9280205,0.383966267,96215179.0,354224851.0,0.0,179182.0,246467141193.0,0.0280467775,352266.0,181916.0,52474.0,512700.0,32977.0,54.612381,0.0,250722.0,14.83391,454573.0,19497.0,58127.0,213576552.0,101544.0,0.0,0.0,13963887.0,516.877014,92615059.0,.,0.0,0.581328273,88656531.0,88784865.0,0.0,179182.0,0.0,0.0197858084,104156.0,128334.0,16178.0,58835.0,0.0,13.6883469,0.0,0.0,13.668561,0.0,16178.0,58835.0,0.0,104156.0,0.0,0.0,0.0,bc_twi,DDR5_6400AN
0.0,3841.0,25.0,996159.0,9743261.0,0.0,0.0,0.0,0.0,0.0,0.0,0.0,0.0,33489.1172,128631699.0,17.0748863,32.9943962,0.982586086,135310852.0,518656490.0,0.0,3841.0,386131330.0,0.0116025833,982533.0,113047.0,5838.0,11575.0,5662.0,53.2323303,0.0,979098.0,13.8876343,11366.0,176.0,209.0,321473008.0,3435.0,0.0,0.0,22613993.0,33446.4531,128467827.0,.,0.0,0.923298419,135151320.0,135166573.0,0.0,3841.0,0.0,0.00156549225,3527.0,15253.0,282.0,11.0,0.0,13.8728275,0.0,0.0,13.8712626,0.0,282.0,11.0,0.0,3527.0,0.0,0.0,0.0,628,DDR5_3200AN
0.0,3841.0,1.0,996159.0,8476754.0,0.0,0.0,0.0,0.0,0.0,0.0,0.0,0.0,29356.5273,112758426.0,17.4940662,32.9938202,0.981305003,118336314.0,453898194.0,0.0,3841.0,336527060.0,0.0116219018,981252.0,98516.0,8450.0,10244.0,8289.0,53.5462303,0.0,977800.0,13.9600973,10037.0,161.0,207.0,279680511.0,3452.0,0.0,0.0,19236641.0,29315.6699,112601486.0,.,0.0,0.928010464,118183568.0,118197020.0,0.0,3841.0,0.0,0.00158692815,3545.0,13452.0,264.0,11.0,0.0,13.9436655,0.0,0.0,13.9420786,0.0,264.0,11.0,0.0,3545.0,0.0,0.0,0.0,628,DDR5_4800AN
0.0,3841.0,22.0,996159.0,6995401.0,0.0,0.0,0.0,0.0,0.0,0.0,0.0,0.0,24307.2754,93364248.0,18.6608982,32.990139,0.987247288,98041577.0,382692220.0,0.0,3841.0,285257350.0,0.0115441559,987194.0,80756.0,4414.0,8338.0,4268.0,54.7062607,0.0,983730.0,14.0151472,8128.0,146.0,210.0,230779245.0,3464.0,0.0,0.0,15286367.0,24268.8438,93216631.0,.,0.0,0.9306283,97898099.0,97911306.0,0.0,3841.0,0.0,0.00188795466,3555.0,13207.0,255.0,10.0,0.0,13.9965248,0.0,0.0,13.9946365,0.0,255.0,10.0,0.0,3555.0,0.0,0.0,0.0,628,DDR5_6400AN
0.0,51664.0,10404.0,948336.0,11380691.0,0.0,0.0,0.0,0.0,0.0,0.0,0.0,0.0,3433.71484,177399437.0,3586.18555,32.9859505,0.582780004,176677002.0,611084713.0,0.0,51664.0,95263384485.0,0.0222868714,573047.0,253640.0,87465.0,322787.0,84463.0,53.69487,0.0,535933.0,15.5242777,311263.0,3002.0,11524.0,375402909.0,37114.0,0.0,0.0,26563986.0,3376.99609,174469123.0,.,0.0,0.750019372,173865766.0,174011612.0,0.0,51664.0,0.0,0.0128152147,38731.0,145846.0,8369.0,4540.0,0.0,15.2900743,0.0,0.0,15.2772589,0.0,8369.0,4540.0,0.0,38731.0,0.0,0.0,0.0,pr_web,DDR5_3200AN
0.0,51664.0,6786.0,948336.0,8149032.0,0.0,0.0,0.0,0.0,0.0,0.0,0.0,0.0,2455.52905,126862451.0,3773.7688,32.9814339,0.624759138,126141941.0,448159523.0,0.0,51664.0,67724914652.0,0.0221150201,614415.0,180216.0,60873.0,308155.0,57944.0,54.99543,0.0,577182.0,15.4793777,296669.0,2929.0,11486.0,268766750.0,37233.0,0.0,0.0,17946229.0,2410.78662,124550876.0,.,0.0,0.767909706,123949805.0,124056808.0,0.0,51664.0,0.0,0.0131307617,39661.0,107003.0,7190.0,4797.0,0.0,15.2235022,0.0,0.0,15.210372,0.0,7190.0,4797.0,0.0,39661.0,0.0,0.0,0.0,pr_web,DDR5_4800AN
0.0,51664.0,8158.0,948336.0,6350502.0,0.0,0.0,0.0,0.0,0.0,0.0,0.0,0.0,1890.11035,97650667.0,4017.7666,32.9676476,0.657699347,96973347.0,357667962.0,0.0,51664.0,52834231040.0,0.0225043632,646823.0,142914.0,42807.0,293833.0,39845.0,56.3212128,0.0,609441.0,15.2701855,282530.0,2962.0,11303.0,209361112.0,37382.0,0.0,0.0,13150149.0,1847.45618,95446980.0,.,0.0,0.779580593,94906844.0,94993589.0,0.0,51664.0,0.0,0.0136595499,40263.0,86745.0,6396.0,4988.0,0.0,14.9584379,0.0,0.0,14.9447784,0.0,6396.0,4988.0,0.0,40263.0,0.0,0.0,0.0,pr_web,DDR5_6400AN
0.0,98.0,0.0,999902.0,9615001.0,0.0,0.0,0.0,0.0,0.0,0.0,0.0,0.0,1223879.5,119940189.0,18.0925255,32.9851456,0.986885309,138844762.0,518117129.0,0.0,98.0,385722948.0,0.0133668212,986835.0,128522.0,10054.0,3060.0,10031.0,53.8863297,0.0,986812.0,14.4404316,3026.0,23.0,34.0,317152237.0,23.0,0.0,0.0,21319465.0,1223856.62,119937947.0,.,0.0,0.287499994,138844648.0,138845971.0,0.0,98.0,0.0,0.000137597483,23.0,1323.0,26.0,31.0,0.0,14.4405565,0.0,0.0,14.4404182,0.0,26.0,31.0,0.0,23.0,0.0,0.0,0.0,649,DDR5_3200AN
0.0,98.0,0.0,999902.0,8068897.0,0.0,0.0,0.0,0.0,0.0,0.0,0.0,0.0,1028412.88,100784464.0,18.7731647,32.9845505,0.988440394,116609419.0,438860974.0,0.0,98.0,322833074.0,0.0136624621,988390.0,110241.0,8479.0,3080.0,8456.0,54.3892136,0.0,988367.0,14.4517174,3046.0,23.0,34.0,266148935.0,23.0,0.0,0.0,17196521.0,1028409.56,100784134.0,.,0.0,0.287499994,116609055.0,116610254.0,0.0,98.0,0.0,0.000148595282,23.0,1199.0,26.0,31.0,0.0,14.4518213,0.0,0.0,14.4516726,0.0,26.0,31.0,0.0,23.0,0.0,0.0,0.0,649,DDR5_4800AN
0.0,98.0,0.0,999902.0,6936173.0,0.0,0.0,0.0,0.0,0.0,0.0,0.0,0.0,883714.312,86603996.0,19.9812641,32.9749069,0.989561439,100220339.0,383028809.0,0.0,98.0,283252871.0,0.0138680218,989511.0,96191.0,7323.0,3115.0,7300.0,55.22192,0.0,989488.0,14.4489384,3081.0,23.0,34.0,228719662.0,23.0,0.0,0.0,14175923.0,883711.562,86603733.0,.,0.0,0.287499994,100220021.0,100221129.0,0.0,98.0,0.0,0.000159742267,23.0,1108.0,26.0,31.0,0.0,14.4490528,0.0,0.0,14.4488935,0.0,26.0,31.0,0.0,23.0,0.0,0.0,0.0,649,DDR5_6400AN
0.0,18873.0,6466.0,981127.0,10913298.0,0.0,0.0,0.0,0.0,0.0,0.0,0.0,0.0,8970.02637,169291306.0,2007.36096,32.9845886,0.254427463,168723763.0,589772229.0,0.0,18873.0,51324729300.0,0.0254754331,252102.0,278021.0,84032.0,654726.0,82467.0,54.0416145,0.0,242540.0,15.4603825,647002.0,1565.0,7724.0,359970671.0,9562.0,0.0,0.0,25568261.0,8901.14062,167991238.0,.,0.0,0.539334774,167519707.0,167621593.0,0.0,18873.0,0.0,0.00933595002,10167.0,101886.0,5532.0,3152.0,0.0,15.3593903,0.0,0.0,15.3500538,0.0,5532.0,3152.0,0.0,10167.0,0.0,0.0,0.0,bfs_twi,DDR5_3200AN
0.0,18873.0,5648.0,981127.0,7557513.0,0.0,0.0,0.0,0.0,0.0,0.0,0.0,0.0,6191.18701,116846275.0,2112.78979,32.9805145,0.295397758,116336123.0,420696585.0,0.0,18873.0,35113510924.0,0.0249019749,292725.0,188197.0,57378.0,640849.0,55862.0,55.666008,0.0,283145.0,15.3934393,633078.0,1516.0,7771.0,249250652.0,9580.0,0.0,0.0,16619501.0,6132.40186,115736826.0,.,0.0,0.559548438,115269440.0,115353084.0,0.0,18873.0,0.0,0.0110676624,10557.0,83644.0,4994.0,3316.0,0.0,15.2633657,0.0,0.0,15.2522984,0.0,4994.0,3316.0,0.0,10557.0,0.0,0.0,0.0,bfs_twi,DDR5_4800AN
0.0,18873.0,6866.0,981127.0,5864344.0,0.0,0.0,0.0,0.0,0.0,0.0,0.0,0.0,4794.53613,90487277.0,2261.88696,32.9685097,0.344794184,90068078.0,336527189.0,0.0,18873.0,27378747892.0,0.0248534195,341670.0,145749.0,36328.0,612941.0,34874.0,57.3853111,0.0,331949.0,15.3585939,605265.0,1454.0,7676.0,193338691.0,9721.0,0.0,0.0,12104384.0,4740.35693,89464763.0,.,0.0,0.570814788,89082519.0,89151932.0,0.0,18873.0,0.0,0.0118364478,10761.0,69413.0,4631.0,3460.0,0.0,15.2023716,0.0,0.0,15.1905346,0.0,4631.0,3460.0,0.0,10761.0,0.0,0.0,0.0,bfs_twi,DDR5_6400AN
0.0,241354.0,79583.0,758646.0,10846986.0,0.0,0.0,0.0,0.0,0.0,0.0,0.0,0.0,735.314514,177471105.0,15769.2891,32.9610176,0.308214933,167707204.0,572315119.0,0.0,241354.0,396625126465.0,0.0317726955,285477.0,344638.0,94422.0,546328.0,59229.0,52.7625961,0.0,172589.0,15.4611797,453076.0,35193.0,93252.0,357527698.0,112888.0,0.0,0.0,25151744.0,650.841309,157083148.0,.,0.0,0.499281079,149331813.0,149555779.0,0.0,241354.0,0.0,0.0206477642,120493.0,223966.0,25544.0,95296.0,0.0,13.7877722,0.0,0.0,13.7671242,0.0,25544.0,95296.0,0.0,120493.0,0.0,0.0,0.0,bc_road,DDR5_3200AN
0.0,241354.0,80543.0,758646.0,8086983.0,0.0,0.0,0.0,0.0,0.0,0.0,0.0,0.0,528.816772,127632041.0,16242.1592,32.9335976,0.349931896,120500725.0,429393683.0,0.0,241354.0,288976221408.0,0.0300093368,324748.0,242685.0,74593.0,528691.0,41688.0,53.0968971,0.0,205767.0,14.9005785,439244.0,32905.0,89447.0,266333439.0,118981.0,0.0,0.0,17791736.0,475.714539,114815611.0,.,0.0,0.508583307,108219339.0,108389107.0,0.0,241354.0,0.0,0.0209927484,122742.0,169768.0,20565.0,98034.0,0.0,13.4029102,0.0,0.0,13.381917,0.0,20565.0,98034.0,0.0,122742.0,0.0,0.0,0.0,bc_road,DDR5_4800AN
0.0,241354.0,95221.0,758646.0,7012833.0,0.0,0.0,0.0,0.0,0.0,0.0,0.0,0.0,445.888184,107616896.0,16562.9609,32.8898125,0.383778274,101427523.0,373225608.0,0.0,241354.0,247240879951.0,0.0294902213,356469.0,206810.0,65747.0,506625.0,31753.0,53.2203751,0.0,234396.0,14.463131,421364.0,33994.0,85261.0,230650773.0,122073.0,0.0,0.0,14927336.0,404.718872,97680522.0,.,0.0,0.512213588,91419663.0,91565852.0,0.0,241354.0,0.0,0.0208459254,123612.0,146189.0,18407.0,99310.0,0.0,13.0568991,0.0,0.0,13.0360537,0.0,18407.0,99310.0,0.0,123612.0,0.0,0.0,0.0,bc_road,DDR5_6400AN
0.0,27.0,6.0,999973.0,9879996.0,0.0,0.0,0.0,0.0,0.0,0.0,0.0,0.0,2255901.0,60909328.0,18.183794,32.9894028,0.959458351,93231774.0,481292382.0,0.0,27.0,401682850.0,0.0131032439,959419.0,129460.0,17499.0,23041.0,17498.0,48.7138252,0.0,959419.0,9.43641853,23022.0,1.0,19.0,325935170.0,0.0,0.0,0.0,22090157.0,2255872.25,60908548.0,.,0.0,0.0,93230917.0,93231847.0,0.0,27.0,0.0,9.41295948,0.0,930.0,20.0,0.0,0.0,9.43642521,0.0,0.0,9.43633175,0.0,20.0,0.0,0.0,0.0,0.0,0.0,0.0,605,DDR5_3200AN
0.0,27.0,0.0,999973.0,8248727.0,0.0,0.0,0.0,0.0,0.0,0.0,0.0,0.0,1860221.38,50225977.0,18.8801708,32.987793,0.961924434,77258992.0,405466401.0,0.0,27.0,334936240.0,0.0125762438,961885.0,103738.0,14519.0,23555.0,14518.0,49.1550255,0.0,961885.0,9.36617184,23536.0,1.0,19.0,272107285.0,0.0,0.0,0.0,17740107.0,1860189.38,50225114.0,.,0.0,0.0,77258120.0,77258919.0,0.0,27.0,0.0,9.6863434,0.0,799.0,20.0,0.0,0.0,9.36616325,0.0,0.0,9.36606598,0.0,20.0,0.0,0.0,0.0,0.0,0.0,0.0,605,DDR5_4800AN
0.0,27.0,1.0,999973.0,6991719.0,0.0,0.0,0.0,0.0,0.0,0.0,0.0,0.0,1561607.12,42163392.0,20.1786213,32.9822998,0.964740574,65122933.0,349810632.0,0.0,27.0,290331719.0,0.0126146376,964701.0,88198.0,11671.0,23587.0,11670.0,50.032135,0.0,964701.0,9.31429482,23568.0,1.0,19.0,230602979.0,0.0,0.0,0.0,14388085.0,1561575.25,42162532.0,.,0.0,0.0,65122041.0,65122739.0,0.0,27.0,0.0,9.98323885,0.0,698.0,20.0,0.0,0.0,9.31426716,0.0,0.0,9.31416702,0.0,20.0,0.0,0.0,0.0,0.0,0.0,0.0,605,DDR5_6400AN
0.0,17208.0,954.0,982792.0,11887629.0,0.0,0.0,0.0,0.0,0.0,0.0,0.0,0.0,11212.0205,192936443.0,16.660778,32.9894753,0.879453301,192514914.0,645795616.0,0.0,17208.0,462565988.0,0.0152974995,879419.0,181851.0,17854.0,102688.0,16950.0,54.3250122,0.0,869603.0,16.1945591,96208.0,904.0,6480.0,392166672.0,9816.0,0.0,0.0,27763768.0,11167.5967,192171995.0,.,0.0,0.576802313,191901853.0,191957733.0,0.0,17208.0,0.0,0.00470068492,9921.0,55880.0,729.0,6550.0,0.0,16.1476879,0.0,0.0,16.1429882,0.0,729.0,6550.0,0.0,9921.0,0.0,0.0,0.0,603,DDR5_3200AN
0.0,17208.0,578.0,982792.0,10298585.0,0.0,0.0,0.0,0.0,0.0,0.0,0.0,0.0,9617.12988,165491564.0,17.0114765,32.9886208,0.884908259,165207844.0,560130208.0,0.0,17208.0,400217376.0,0.0146259898,884872.0,150627.0,12624.0,102463.0,11726.0,54.3890419,0.0,875077.0,16.0417995,95956.0,898.0,6507.0,339736099.0,9795.0,0.0,0.0,23526317.0,9600.85742,165211559.0,.,0.0,0.582441866,164942558.0,164993522.0,0.0,17208.0,0.0,0.00494864117,10018.0,50964.0,688.0,6494.0,0.0,16.0209885,0.0,0.0,16.0160408,0.0,688.0,6494.0,0.0,10018.0,0.0,0.0,0.0,603,DDR5_4800AN
0.0,17208.0,320.0,982792.0,8713952.0,0.0,0.0,0.0,0.0,0.0,0.0,0.0,0.0,8103.55762,139446014.0,17.8749008,32.984005,0.900156021,139156601.0,479777677.0,0.0,17208.0,344996799.0,0.0149773601,900120.0,130512.0,7066.0,92774.0,6214.0,55.0585632,0.0,890276.0,15.9694023,86270.0,852.0,6504.0,287421022.0,9844.0,0.0,0.0,19300629.0,8086.74561,139156719.0,.,0.0,0.583837211,138880317.0,138932418.0,0.0,17208.0,0.0,0.00597903226,10042.0,52101.0,668.0,6490.0,0.0,15.943675,0.0,0.0,15.9376965,0.0,668.0,6490.0,0.0,10042.0,0.0,0.0,0.0,603,DDR5_6400AN
0.0,11546.0,1676.0,988454.0,11239400.0,0.0,0.0,0.0,0.0,0.0,0.0,0.0,0.0,13713.7725,158339223.0,1277.51501,32.959446,0.613999963,162553361.0,594489552.0,0.0,11546.0,30646258341.0,0.0201775003,609562.0,226783.0,82199.0,301011.0,81756.0,52.8933525,0.0,600481.0,14.4628143,298996.0,443.0,2015.0,370444417.0,9081.0,0.0,0.0,23988960.0,13631.4434,157388642.0,.,0.0,0.812462091,161896217.0,161955697.0,0.0,11546.0,0.0,0.00529209757,9375.0,59480.0,1783.0,381.0,0.0,14.4096394,0.0,0.0,14.4043474,0.0,1783.0,381.0,0.0,9375.0,0.0,0.0,0.0,bfs_web,DDR5_3200AN
0.0,11546.0,1988.0,988454.0,7925751.0,0.0,0.0,0.0,0.0,0.0,0.0,0.0,0.0,9926.55566,114612017.0,1423.32849,32.9439659,0.658175468,120922958.0,437530764.0,0.0,11546.0,21567074021.0,0.0205472019,653434.0,162852.0,56956.0,282406.0,56587.0,55.2036972,0.0,644293.0,15.2569723,280382.0,369.0,2024.0,261105662.0,9141.0,0.0,0.0,15152563.0,9897.25586,114273708.0,.,0.0,0.828160226,120262089.0,120309447.0,0.0,11546.0,0.0,0.00597520685,9552.0,47358.0,1592.0,390.0,0.0,15.1795645,0.0,0.0,15.1735888,0.0,1592.0,390.0,0.0,9552.0,0.0,0.0,0.0,bfs_web,DDR5_4800AN
0.0,11546.0,2515.0,988454.0,6030494.0,0.0,0.0,0.0,0.0,0.0,0.0,0.0,0.0,7078.31836,81726263.0,1628.10535,32.8936081,0.695912778,90230879.0,342094879.0,0.0,11546.0,16441493449.0,0.0211757105,690889.0,127700.0,38919.0,262973.0,38514.0,56.7275047,0.0,681726.0,14.9624357,261017.0,405.0,1956.0,198364698.0,9163.0,0.0,0.0,10098544.0,7017.40527,81022959.0,.,0.0,0.839552224,89544348.0,89586664.0,0.0,11546.0,0.0,0.00701700384,9675.0,42316.0,1445.0,404.0,0.0,14.8556099,0.0,0.0,14.8485928,0.0,1445.0,404.0,0.0,9675.0,0.0,0.0,0.0,bfs_web,DDR5_6400AN
0.0,2230.0,199.0,997770.0,11858083.0,0.0,0.0,0.0,0.0,0.0,0.0,0.0,0.0,72309.0859,161249266.0,17.4613323,32.9851379,0.969294667,165454686.0,618611581.0,0.0,2230.0,458803215.0,0.0132209398,969253.0,156775.0,11720.0,18984.0,11605.0,52.1679268,0.0,967229.0,13.9529037,18903.0,115.0,81.0,391140514.0,2024.0,0.0,0.0,26275382.0,72266.0625,161153314.0,.,0.0,0.923873901,165416487.0,165428589.0,0.0,2230.0,0.0,0.0010205697,2051.0,12102.0,168.0,1.0,0.0,13.9507027,0.0,0.0,13.9496813,0.0,168.0,1.0,0.0,2051.0,0.0,0.0,0.0,638,DDR5_3200AN
0.0,2230.0,39.0,997770.0,8899708.0,0.0,0.0,0.0,0.0,0.0,0.0,0.0,0.0,54462.0312,121450325.0,19.1237068,32.9813042,0.967627585,124406003.0,473922673.0,0.0,2230.0,351615771.0,0.0134359468,967586.0,119576.0,13639.0,18732.0,13529.0,53.2514877,0.0,965558.0,13.9786606,18650.0,110.0,82.0,293523967.0,2028.0,0.0,0.0,18386382.0,54434.6992,121389379.0,.,0.0,0.92567569,124369813.0,124381177.0,0.0,2230.0,0.0,0.00127689587,2055.0,11364.0,164.0,1.0,0.0,13.975872,0.0,0.0,13.9745951,0.0,164.0,1.0,0.0,2055.0,0.0,0.0,0.0,638,DDR5_4800AN
0.0,2230.0,86.0,997770.0,6692479.0,0.0,0.0,0.0,0.0,0.0,0.0,0.0,0.0,40831.8711,91055070.0,22.0766716,32.960453,0.97626996,93664151.0,368219051.0,0.0,2230.0,275968077.0,0.0134504717,976228.0,90017.0,8655.0,15074.0,8545.0,55.0198288,0.0,974198.0,13.9954348,14994.0,110.0,80.0,220587158.0,2030.0,0.0,0.0,12500438.0,40851.7578,91099416.0,.,0.0,0.926126122,93629813.0,93640239.0,0.0,2230.0,0.0,0.00155786821,2056.0,10426.0,163.0,1.0,0.0,13.9918613,0.0,0.0,13.990304,0.0,163.0,1.0,0.0,2056.0,0.0,0.0,0.0,638,DDR5_6400AN
0.0,26629.0,1777.0,973371.0,10146757.0,0.0,0.0,0.0,0.0,0.0,0.0,0.0,0.0,5393.97998,143636285.0,20.5291023,32.9899788,0.913688242,143442313.0,538686916.0,0.0,26629.0,477474450.0,0.0152564021,913617.0,154803.0,21390.0,64915.0,19614.0,53.0895653,0.0,890517.0,14.1367655,63168.0,1776.0,1747.0,334741314.0,23100.0,0.0,0.0,23258420.0,5358.62305,142694764.0,.,0.0,0.902452767,142565261.0,142631201.0,0.0,26629.0,0.0,0.0064986283,24026.0,65940.0,1914.0,683.0,0.0,14.0568266,0.0,0.0,14.0503283,0.0,1914.0,683.0,0.0,24026.0,0.0,0.0,0.0,654,DDR5_3200AN
0.0,26629.0,388.0,973371.0,8643591.0,0.0,0.0,0.0,0.0,0.0,0.0,0.0,0.0,4643.74951,123658398.0,20.5368366,32.9875603,0.91381979,123495385.0,463262074.0,0.0,26629.0,395333585.0,0.0148759931,913754.0,128582.0,19524.0,66650.0,17861.0,53.5960197,0.0,890584.0,14.287509,64859.0,1663.0,1791.0,285130968.0,23170.0,0.0,0.0,19249977.0,4615.03418,122893747.0,.,0.0,0.906058669,122772915.0,122837201.0,0.0,26629.0,0.0,0.00743741821,24122.0,64286.0,1813.0,688.0,0.0,14.2113619,0.0,0.0,14.2039242,0.0,1813.0,688.0,0.0,24122.0,0.0,0.0,0.0,654,DDR5_4800AN
0.0,26629.0,326.0,973371.0,6745064.0,0.0,0.0,0.0,0.0,0.0,0.0,0.0,0.0,3627.05884,96584953.0,22.4839344,32.9772644,0.928387821,96439566.0,371535134.0,0.0,26629.0,318984927.0,0.0150501169,928321.0,101514.0,13259.0,58348.0,11859.0,55.0825233,0.0,904933.0,14.2977991,56513.0,1400.0,1835.0,222433755.0,23388.0,0.0,0.0,14187238.0,3599.73779,95857415.0,.,0.0,0.916012466,95758501.0,95810931.0,0.0,26629.0,0.0,0.00777309155,24387.0,52430.0,1530.0,706.0,0.0,14.2045984,0.0,0.0,14.1968269,0.0,1530.0,706.0,0.0,24387.0,0.0,0.0,0.0,654,DDR5_6400AN
0.0,445.0,0.0,999555.0,9748293.0,0.0,0.0,0.0,0.0,0.0,0.0,0.0,0.0,363132.281,161593874.0,18.1755409,32.9809494,0.99138248,180378071.0,563975603.0,0.0,445.0,385715780.0,0.0122564025,991325.0,119479.0,5179.0,3438.0,5141.0,57.8537827,0.0,990956.0,18.5035534,3425.0,38.0,13.0,321507973.0,369.0,0.0,0.0,21221694.0,362977.938,161525176.0,.,0.0,0.885714293,180372603.0,180375087.0,0.0,445.0,0.0,0.000254813844,372.0,2484.0,48.0,0.0,0.0,18.5032482,0.0,0.0,18.5029945,0.0,48.0,0.0,0.0,372.0,0.0,0.0,0.0,644,DDR5_3200AN
0.0,445.0,0.0,999555.0,8382670.0,0.0,0.0,0.0,0.0,0.0,0.0,0.0,0.0,312605.375,139109385.0,18.9373188,32.9805679,0.990831494,155188927.0,487731379.0,0.0,445.0,332918665.0,0.0124376835,990774.0,104261.0,5779.0,3389.0,5742.0,58.1833,0.0,990403.0,18.5130672,3377.0,37.0,12.0,276465211.0,371.0,0.0,0.0,17580033.0,312484.812,139055738.0,.,0.0,0.890476167,155187215.0,155189671.0,0.0,445.0,0.0,0.000292985409,374.0,2456.0,46.0,0.0,0.0,18.513155,0.0,0.0,18.5128632,0.0,46.0,0.0,0.0,374.0,0.0,0.0,0.0,644,DDR5_4800AN
0.0,445.0,0.0,999555.0,7263676.0,0.0,0.0,0.0,0.0,0.0,0.0,0.0,0.0,270413.469,120333989.0,20.1302471,32.9734116,0.993239582,134486509.0,428059367.0,0.0,445.0,293822084.0,0.0124957394,993182.0,90765.0,3955.0,2805.0,3922.0,58.9315071,0.0,992808.0,18.5149384,2792.0,33.0,13.0,239508175.0,374.0,0.0,0.0,14596049.0,270352.062,120306674.0,.,0.0,0.895238101,134481824.0,134484162.0,0.0,445.0,0.0,0.000321875588,376.0,2338.0,44.0,0.0,0.0,18.5146141,0.0,0.0,18.5142937,0.0,44.0,0.0,0.0,376.0,0.0,0.0,0.0,644,DDR5_6400AN
0.0,72935.0,3114.0,927065.0,9015296.0,0.0,0.0,0.0,0.0,0.0,0.0,0.0,0.0,1923.00195,140254136.0,17.9352055,32.9888458,0.937246203,139861225.0,494888173.0,0.0,72935.0,362327957.0,0.0160605926,937204.0,144791.0,23237.0,39514.0,18346.0,54.8942757,0.0,870009.0,15.5137701,38677.0,4891.0,837.0,297404239.0,67195.0,0.0,0.0,20202052.0,1902.09521,138729316.0,.,0.0,0.927018881,138414244.0,138535184.0,0.0,72935.0,0.0,0.013414978,67601.0,120940.0,5006.0,316.0,0.0,15.3666821,0.0,0.0,15.3532667,0.0,5006.0,316.0,0.0,67601.0,0.0,0.0,0.0,619,DDR5_3200AN
0.0,72935.0,218.0,927065.0,7923784.0,0.0,0.0,0.0,0.0,0.0,0.0,0.0,0.0,1674.28784,122114183.0,18.3063374,32.9879036,0.937342405,121827096.0,435254633.0,0.0,72935.0,316541372.0,0.015761409,937304.0,124890.0,29101.0,33554.0,24721.0,54.9301491,0.0,869623.0,15.3748636,32688.0,4380.0,866.0,261389011.0,67681.0,0.0,0.0,17291354.0,1665.11035,121444823.0,.,0.0,0.934180737,121185290.0,121286439.0,0.0,72935.0,0.0,0.012765239,68127.0,101149.0,4483.0,317.0,0.0,15.3066311,0.0,0.0,15.2938652,0.0,4483.0,317.0,0.0,68127.0,0.0,0.0,0.0,619,DDR5_4800AN
0.0,72935.0,189.0,927065.0,6391271.0,0.0,0.0,0.0,0.0,0.0,0.0,0.0,0.0,1346.59131,98213641.0,19.9232616,32.9784737,0.953677893,97988134.0,358924804.0,0.0,72935.0,263079724.0,0.0160717648,953635.0,102719.0,15582.0,30738.0,11936.0,56.158596,0.0,885225.0,15.3315573,29871.0,3646.0,867.0,210774369.0,68410.0,0.0,0.0,13204652.0,1339.53235,97698789.0,.,0.0,0.944365978,97496416.0,97579626.0,0.0,72935.0,0.0,0.0130193196,68866.0,83210.0,3738.0,319.0,0.0,15.2676401,0.0,0.0,15.2546206,0.0,3738.0,319.0,0.0,68866.0,0.0,0.0,0.0,619,DDR5_6400AN
