total_num_other_requests,total_num_write_requests,total_wait_cycles,total_num_read_requests,memory_system_cycles,total_rfm_cycles_rank1,total_rfm_cycles_rank0,avg_write_latency_0,write_depart_latency_0,avg_read_latency_0,read_queue_len_avg_0,row_hit_rate_0,write_queue_len_0,queue_len_0,num_other_reqs_0,num_write_reqs_0,read_latency_0,priority_queue_len_avg_0,row_hits_0,priority_queue_len_0,row_misses_0,row_conflicts_0,read_row_misses_0,queue_len_avg_0,read_row_conflicts_core_0,read_row_hits_0,write_queue_len_avg_0,read_row_conflicts_0,write_row_misses_0,write_row_conflicts_0,read_queue_len_0,write_row_hits_0,read_row_hits_core_0,read_row_misses_core_0,num_read_reqs_0,trace,slow_timing,folder
0.0,0.0,0.0,1000000.0,16970886.0,0.0,0.0,NaN,0.0,NaN,0.0,NaN,0.0,1361.0,0.0,0.0,0.0,8.01961651,0.0,1361.0,0.0,0.0,0.0,8.01961651,0.0,0.0,0.0,0.0,0.0,0.0,0.0,0.0,0.0,0.0,0.0,657,DDR5_3200AN,modified_doubleW_traces
0.0,0.0,0.0,1000000.0,8488904.0,0.0,0.0,NaN,0.0,NaN,0.0,NaN,0.0,681.0,0.0,0.0,0.0,8.02223731,0.0,681.0,0.0,0.0,0.0,8.02223731,0.0,0.0,0.0,0.0,0.0,0.0,0.0,0.0,0.0,0.0,0.0,657,DDR5_6400AN,modified_doubleW_traces
0.0,0.0,0.0,1000000.0,16970886.0,0.0,0.0,NaN,0.0,NaN,0.0,NaN,0.0,1361.0,0.0,0.0,0.0,8.01961651,0.0,1361.0,0.0,0.0,0.0,8.01961651,0.0,0.0,0.0,0.0,0.0,0.0,0.0,0.0,0.0,0.0,0.0,657,DDR5_3200AN,wb_short_trace
0.0,0.0,0.0,1000000.0,8488904.0,0.0,0.0,NaN,0.0,NaN,0.0,NaN,0.0,681.0,0.0,0.0,0.0,8.02223731,0.0,681.0,0.0,0.0,0.0,8.02223731,0.0,0.0,0.0,0.0,0.0,0.0,0.0,0.0,0.0,0.0,0.0,657,DDR5_6400AN,wb_short_trace
0.0,76461.0,0.0,924705.0,16959275.0,0.0,0.0,3403.11401,260205509.0,NaN,0.0,0.682812929,258558233.0,258792450.0,0.0,76461.0,0.0,0.0138105545,52199.0,234217.0,16365.0,7883.0,0.0,15.2596397,0.0,0.0,15.2458305,0.0,16365.0,7883.0,0.0,52199.0,0.0,0.0,0.0,cc_web,DDR5_3200AN,modified_doubleW_traces
0.0,76461.0,0.0,924705.0,9657921.0,0.0,0.0,1907.19141,145825764.0,NaN,0.0,0.720497072,144682404.0,144808222.0,0.0,76461.0,0.0,0.0130274417,55082.0,125818.0,12022.0,9346.0,0.0,14.9937267,0.0,0.0,14.9806986,0.0,12022.0,9346.0,0.0,55082.0,0.0,0.0,0.0,cc_web,DDR5_6400AN,modified_doubleW_traces
0.0,75295.0,0.0,924705.0,16936846.0,0.0,0.0,3450.71582,259821648.0,NaN,0.0,0.688730359,258237950.0,258473286.0,0.0,75295.0,0.0,0.0138949128,51849.0,235336.0,16157.0,7276.0,0.0,15.2610044,0.0,0.0,15.2471094,0.0,16157.0,7276.0,0.0,51849.0,0.0,0.0,0.0,cc_web,DDR5_3200AN,wb_short_trace
0.0,75295.0,0.0,924705.0,9635765.0,0.0,0.0,1932.13062,145479779.0,NaN,0.0,0.726956308,144390429.0,144517382.0,0.0,75295.0,0.0,0.0131751867,54726.0,126953.0,11865.0,8690.0,0.0,14.9980183,0.0,0.0,14.9848433,0.0,11865.0,8690.0,0.0,54726.0,0.0,0.0,0.0,cc_web,DDR5_6400AN,wb_short_trace
0.0,153090.0,0.0,888762.0,18553450.0,0.0,0.0,1841.22119,281872553.0,NaN,0.0,0.447131008,275971957.0,276295550.0,0.0,153090.0,0.0,0.0174411237,68441.0,323593.0,30070.0,54556.0,0.0,14.8918695,0.0,0.0,14.8744287,0.0,30070.0,54556.0,0.0,68441.0,0.0,0.0,0.0,cc_twi,DDR5_3200AN,modified_doubleW_traces
0.0,153090.0,0.0,888762.0,11222199.0,0.0,0.0,1095.41785,167697517.0,NaN,0.0,0.471552432,163276594.0,163448656.0,0.0,153090.0,0.0,0.015332289,72181.0,172062.0,19844.0,61046.0,0.0,14.5647621,0.0,0.0,14.5494289,0.0,19844.0,61046.0,0.0,72181.0,0.0,0.0,0.0,cc_twi,DDR5_6400AN,modified_doubleW_traces
0.0,111238.0,0.0,888762.0,17483553.0,0.0,0.0,2405.93799,267631722.0,NaN,0.0,0.527944088,264011738.0,264275215.0,0.0,111238.0,0.0,0.0150699923,58719.0,263477.0,24702.0,27801.0,0.0,15.1156483,0.0,0.0,15.1005783,0.0,24702.0,27801.0,0.0,58719.0,0.0,0.0,0.0,cc_twi,DDR5_3200AN,wb_short_trace
0.0,111238.0,0.0,888762.0,10397230.0,0.0,0.0,1403.89343,156166301.0,NaN,0.0,0.554594576,153476544.0,153621798.0,0.0,111238.0,0.0,0.0139704514,61687.0,145254.0,17040.0,32502.0,0.0,14.7752619,0.0,0.0,14.7612915,0.0,17040.0,32502.0,0.0,61687.0,0.0,0.0,0.0,cc_twi,DDR5_6400AN,wb_short_trace
0.0,159289.0,0.0,892349.0,19219983.0,0.0,0.0,1829.55249,291427593.0,NaN,0.0,0.730603099,288682850.0,288994395.0,0.0,159289.0,0.0,0.016209431,116369.0,311545.0,22688.0,20221.0,0.0,15.0361414,0.0,0.0,15.0199318,0.0,22688.0,20221.0,0.0,116369.0,0.0,0.0,0.0,cc_road,DDR5_3200AN,modified_doubleW_traces
0.0,159289.0,25.0,892349.0,11256031.0,0.0,0.0,1040.12329,165680204.0,NaN,0.0,0.752125144,163621803.0,163788535.0,0.0,159289.0,0.0,0.0148126809,119800.0,166732.0,16689.0,22793.0,0.0,14.5511799,0.0,0.0,14.5363684,0.0,16689.0,22793.0,0.0,119800.0,0.0,0.0,0.0,cc_road,DDR5_6400AN,modified_doubleW_traces
0.0,107651.0,0.0,892349.0,18022982.0,0.0,0.0,2562.56274,275862438.0,NaN,0.0,0.803337157,274560876.0,274826861.0,0.0,107651.0,0.0,0.0147581017,86468.0,265985.0,14641.0,6527.0,0.0,15.2486887,0.0,0.0,15.2339306,0.0,14641.0,6527.0,0.0,86468.0,0.0,0.0,0.0,cc_road,DDR5_3200AN,wb_short_trace
0.0,107651.0,0.0,892349.0,10393700.0,0.0,0.0,1446.91467,155761809.0,NaN,0.0,0.822423935,154777591.0,154918121.0,0.0,107651.0,0.0,0.0135206906,88529.0,140530.0,11223.0,7892.0,0.0,14.9050026,0.0,0.0,14.8914804,0.0,11223.0,7892.0,0.0,88529.0,0.0,0.0,0.0,cc_road,DDR5_6400AN,wb_short_trace
0.0,231745.0,9.0,841342.0,19924664.0,0.0,0.0,1293.98645,299874887.0,NaN,0.0,0.553224266,292968979.0,293339181.0,0.0,231745.0,0.0,0.0185800884,128197.0,370202.0,32323.0,71207.0,0.0,14.722415,0.0,0.0,14.7038364,0.0,32323.0,71207.0,0.0,128197.0,0.0,0.0,0.0,pr_road,DDR5_3200AN,modified_doubleW_traces
0.0,231745.0,28.0,841342.0,11880202.0,0.0,0.0,745.757141,172825493.0,NaN,0.0,0.585374475,167703438.0,167898855.0,0.0,231745.0,0.0,0.0164489634,135650.0,195417.0,22703.0,73379.0,0.0,14.132659,0.0,0.0,14.1162109,0.0,22703.0,73379.0,0.0,135650.0,0.0,0.0,0.0,pr_road,DDR5_6400AN,modified_doubleW_traces
0.0,158658.0,0.0,841342.0,18037582.0,0.0,0.0,1722.76086,273329797.0,NaN,0.0,0.678263247,269998044.0,270296160.0,0.0,158658.0,0.0,0.0165274926,107599.0,298116.0,22650.0,28390.0,0.0,14.9851656,0.0,0.0,14.9686384,0.0,22650.0,28390.0,0.0,107599.0,0.0,0.0,0.0,pr_road,DDR5_3200AN,wb_short_trace
0.0,158658.0,0.0,841342.0,10435286.0,0.0,0.0,968.079773,153593597.0,NaN,0.0,0.709751427,151171521.0,151331025.0,0.0,158658.0,0.0,0.0152850626,112590.0,159504.0,16164.0,29879.0,0.0,14.5018568,0.0,0.0,14.4865723,0.0,16164.0,29879.0,0.0,112590.0,0.0,0.0,0.0,pr_road,DDR5_6400AN,wb_short_trace
0.0,0.0,0.0,1000000.0,17017113.0,0.0,0.0,NaN,0.0,NaN,0.0,NaN,0.0,1365.0,0.0,0.0,0.0,8.02133727,0.0,1365.0,0.0,0.0,0.0,8.02133727,0.0,0.0,0.0,0.0,0.0,0.0,0.0,0.0,0.0,0.0,0.0,648,DDR5_3200AN,modified_doubleW_traces
0.0,0.0,0.0,1000000.0,8502930.0,0.0,0.0,NaN,0.0,NaN,0.0,NaN,0.0,682.0,0.0,0.0,0.0,8.02076465,0.0,682.0,0.0,0.0,0.0,8.02076465,0.0,0.0,0.0,0.0,0.0,0.0,0.0,0.0,0.0,0.0,0.0,648,DDR5_6400AN,modified_doubleW_traces
0.0,0.0,0.0,1000000.0,17017113.0,0.0,0.0,NaN,0.0,NaN,0.0,NaN,0.0,1365.0,0.0,0.0,0.0,8.02133727,0.0,1365.0,0.0,0.0,0.0,8.02133727,0.0,0.0,0.0,0.0,0.0,0.0,0.0,0.0,0.0,0.0,0.0,648,DDR5_3200AN,wb_short_trace
0.0,0.0,0.0,1000000.0,8502930.0,0.0,0.0,NaN,0.0,NaN,0.0,NaN,0.0,682.0,0.0,0.0,0.0,8.02076465,0.0,682.0,0.0,0.0,0.0,8.02076465,0.0,0.0,0.0,0.0,0.0,0.0,0.0,0.0,0.0,0.0,0.0,648,DDR5_6400AN,wb_short_trace
0.0,14126.0,0.0,992901.0,17312371.0,0.0,0.0,19276.3164,272297255.0,NaN,0.0,0.765277207,272463245.0,272557598.0,0.0,14126.0,0.0,0.00545003312,10795.0,94353.0,3127.0,184.0,0.0,15.743516,0.0,0.0,15.7380648,0.0,3127.0,184.0,0.0,10795.0,0.0,0.0,0.0,625,DDR5_3200AN,modified_doubleW_traces
0.0,14126.0,0.0,992901.0,8791689.0,0.0,0.0,9787.17676,138253666.0,NaN,0.0,0.795831561,138290207.0,138351952.0,0.0,14126.0,0.0,0.00702311005,11226.0,61745.0,2683.0,197.0,0.0,15.7366753,0.0,0.0,15.7296524,0.0,2683.0,197.0,0.0,11226.0,0.0,0.0,0.0,625,DDR5_6400AN,modified_doubleW_traces
0.0,7099.0,0.0,992901.0,17148918.0,0.0,0.0,37947.0898,269386405.0,NaN,0.0,0.743644059,269614529.0,269663391.0,0.0,7099.0,0.0,0.00284927594,5265.0,48862.0,1722.0,93.0,0.0,15.7248049,0.0,0.0,15.7219553,0.0,1722.0,93.0,0.0,5265.0,0.0,0.0,0.0,625,DDR5_3200AN,wb_short_trace
0.0,7099.0,0.0,992901.0,8663775.0,0.0,0.0,19168.668,136078362.0,NaN,0.0,0.759180784,136169888.0,136209160.0,0.0,7099.0,0.0,0.00453289691,5375.0,39272.0,1613.0,92.0,0.0,15.7216864,0.0,0.0,15.7171545,0.0,1613.0,92.0,0.0,5375.0,0.0,0.0,0.0,625,DDR5_6400AN,wb_short_trace
0.0,247459.0,88.0,803864.0,19487201.0,0.0,0.0,1179.1001,291778942.0,NaN,0.0,0.43604967,282224712.0,282612005.0,0.0,247459.0,0.0,0.0198742244,107897.0,387293.0,34542.0,105003.0,0.0,14.5024424,0.0,0.0,14.4825678,0.0,34542.0,105003.0,0.0,107897.0,0.0,0.0,0.0,bfs_road,DDR5_3200AN,modified_doubleW_traces
0.0,247459.0,202.0,803864.0,12057751.0,0.0,0.0,709.503967,175573137.0,NaN,0.0,0.459259152,168348491.0,168561424.0,0.0,247459.0,0.0,0.0176594295,113640.0,212933.0,23247.0,110555.0,0.0,13.9795074,0.0,0.0,13.9618492,0.0,23247.0,110555.0,0.0,113640.0,0.0,0.0,0.0,bfs_road,DDR5_6400AN,modified_doubleW_traces
0.0,196136.0,4.0,803864.0,18057629.0,0.0,0.0,1379.06982,270485255.0,NaN,0.0,0.547070324,264517902.0,264858560.0,0.0,196136.0,0.0,0.018865047,107298.0,340658.0,29004.0,59830.0,0.0,14.6674061,0.0,0.0,14.6485415,0.0,29004.0,59830.0,0.0,107298.0,0.0,0.0,0.0,bfs_road,DDR5_3200AN,wb_short_trace
0.0,196136.0,68.0,803864.0,10935268.0,0.0,0.0,812.522583,159364922.0,NaN,0.0,0.571064413,154868644.0,155047380.0,0.0,196136.0,0.0,0.0163449124,112004.0,178736.0,20363.0,63765.0,0.0,14.1786537,0.0,0.0,14.1623087,0.0,20363.0,63765.0,0.0,112004.0,0.0,0.0,0.0,bfs_road,DDR5_6400AN,wb_short_trace
0.0,14325.0,0.0,992775.0,17390912.0,0.0,0.0,17265.0488,247321823.0,NaN,0.0,0.413166553,246833853.0,246937428.0,0.0,14325.0,0.0,0.00595569704,5912.0,103575.0,7056.0,1341.0,0.0,14.1992226,0.0,0.0,14.1932669,0.0,7056.0,1341.0,0.0,5912.0,0.0,0.0,0.0,620,DDR5_3200AN,modified_doubleW_traces
0.0,14325.0,0.0,992775.0,8891645.0,0.0,0.0,8818.91699,126330996.0,NaN,0.0,0.478333801,125971183.0,126041259.0,0.0,14325.0,0.0,0.00788110681,6844.0,70076.0,5835.0,1629.0,0.0,14.1752462,0.0,0.0,14.1673651,0.0,5835.0,1629.0,0.0,6844.0,0.0,0.0,0.0,620,DDR5_6400AN,modified_doubleW_traces
0.0,7225.0,0.0,992775.0,17235701.0,0.0,0.0,34235.7578,247353343.0,NaN,0.0,0.404444456,247261513.0,247318900.0,0.0,7225.0,0.0,0.0033295427,2912.0,57387.0,3682.0,606.0,0.0,14.3492222,0.0,0.0,14.3458939,0.0,3682.0,606.0,0.0,2912.0,0.0,0.0,0.0,620,DDR5_3200AN,wb_short_trace
0.0,7225.0,0.0,992775.0,8773189.0,0.0,0.0,17429.334,125926941.0,NaN,0.0,0.435495079,125812365.0,125858514.0,0.0,7225.0,0.0,0.00526023097,3136.0,46149.0,3455.0,610.0,0.0,14.3458109,0.0,0.0,14.3405514,0.0,3455.0,610.0,0.0,3136.0,0.0,0.0,0.0,620,DDR5_6400AN,wb_short_trace
0.0,488301.0,1662.0,684857.0,24368274.0,0.0,0.0,723.876404,353469553.0,NaN,0.0,0.871402919,349834028.0,350391267.0,0.0,488301.0,0.0,0.0228673965,425486.0,557239.0,27460.0,35331.0,0.0,14.378994,0.0,0.0,14.3561258,0.0,27460.0,35331.0,0.0,425486.0,0.0,0.0,0.0,bc_web,DDR5_3200AN,modified_doubleW_traces
0.0,488301.0,4799.0,684857.0,17205871.0,0.0,0.0,488.991241,238774914.0,NaN,0.0,0.877079189,235781068.0,236105295.0,0.0,488301.0,0.0,0.0188439731,428269.0,324227.0,22759.0,37262.0,0.0,13.7223673,0.0,0.0,13.7035236,0.0,22759.0,37262.0,0.0,428269.0,0.0,0.0,0.0,bc_web,DDR5_6400AN,modified_doubleW_traces
0.0,315143.0,451.0,684857.0,20498468.0,0.0,0.0,958.336365,302012988.0,NaN,0.0,0.903568745,300325078.0,300743421.0,0.0,315143.0,0.0,0.0204085,284738.0,418343.0,16421.0,13967.0,0.0,14.6715069,0.0,0.0,14.6510992,0.0,16421.0,13967.0,0.0,284738.0,0.0,0.0,0.0,bc_web,DDR5_3200AN,wb_short_trace
0.0,315143.0,2527.0,684857.0,14260964.0,0.0,0.0,643.998413,202951607.0,NaN,0.0,0.909361482,201549594.0,201802819.0,0.0,315143.0,0.0,0.0177565143,286568.0,253225.0,13608.0,14955.0,0.0,14.1507139,0.0,0.0,14.1329575,0.0,13608.0,14955.0,0.0,286568.0,0.0,0.0,0.0,bc_web,DDR5_6400AN,wb_short_trace
0.0,10.0,0.0,999995.0,17050797.0,0.0,0.0,0.0,0.0,NaN,0.0,NaN,82733607.0,82734975.0,0.0,10.0,0.0,8.02308568,0.0,1368.0,0.0,0.0,0.0,4.85226488,0.0,0.0,4.8521843,0.0,0.0,0.0,0.0,0.0,0.0,0.0,0.0,641,DDR5_3200AN,modified_doubleW_traces
0.0,10.0,0.0,999995.0,8524064.0,0.0,0.0,0.0,0.0,NaN,0.0,NaN,41352348.0,41353031.0,0.0,10.0,0.0,8.01260976,0.0,683.0,0.0,0.0,0.0,4.85132837,0.0,0.0,4.85124779,0.0,0.0,0.0,0.0,0.0,0.0,0.0,0.0,641,DDR5_6400AN,modified_doubleW_traces
0.0,5.0,0.0,999995.0,17050797.0,0.0,0.0,0.0,0.0,NaN,0.0,NaN,41366759.0,41368127.0,0.0,5.0,0.0,8.02308568,0.0,1368.0,0.0,0.0,0.0,2.42616987,0.0,0.0,2.42608976,0.0,0.0,0.0,0.0,0.0,0.0,0.0,0.0,641,DDR5_3200AN,wb_short_trace
0.0,5.0,0.0,999995.0,8524064.0,0.0,0.0,0.0,0.0,NaN,0.0,NaN,20676158.0,20676841.0,0.0,5.0,0.0,8.01260976,0.0,683.0,0.0,0.0,0.0,2.4257021,0.0,0.0,2.42562199,0.0,0.0,0.0,0.0,0.0,0.0,0.0,0.0,641,DDR5_6400AN,wb_short_trace
0.0,6908.0,0.0,996546.0,20824094.0,0.0,0.0,45746.1133,316014156.0,NaN,0.0,0.459773451,320565467.0,320614572.0,0.0,6908.0,0.0,0.00235808571,3166.0,49105.0,404.0,3316.0,0.0,15.396327,0.0,0.0,15.3939695,0.0,404.0,3316.0,0.0,3166.0,0.0,0.0,0.0,607,DDR5_3200AN,modified_doubleW_traces
0.0,6908.0,0.0,996546.0,11888934.0,0.0,0.0,26318.6621,181809316.0,NaN,0.0,0.459337801,184267940.0,184303357.0,0.0,6908.0,0.0,0.00297898869,3163.0,35417.0,340.0,3383.0,0.0,15.5020933,0.0,0.0,15.4991131,0.0,340.0,3383.0,0.0,3163.0,0.0,0.0,0.0,607,DDR5_6400AN,modified_doubleW_traces
0.0,3454.0,0.0,996546.0,20337180.0,0.0,0.0,92608.6875,319870399.0,NaN,0.0,0.435755819,323276887.0,323302127.0,0.0,3454.0,0.0,0.00124107674,1499.0,25240.0,222.0,1719.0,0.0,15.8970966,0.0,0.0,15.8958569,0.0,222.0,1719.0,0.0,1499.0,0.0,0.0,0.0,607,DDR5_3200AN,wb_short_trace
0.0,3454.0,0.0,996546.0,11482969.0,0.0,0.0,52312.293,180686662.0,NaN,0.0,0.440988362,182381861.0,182402379.0,0.0,3454.0,0.0,0.00178682012,1517.0,20518.0,216.0,1707.0,0.0,15.8846016,0.0,0.0,15.8828135,0.0,216.0,1707.0,0.0,1517.0,0.0,0.0,0.0,607,DDR5_6400AN,wb_short_trace
0.0,974.0,0.0,999513.0,17171144.0,0.0,0.0,363349.781,353902700.0,NaN,0.0,0.6875,358941229.0,358945630.0,0.0,974.0,0.0,0.000256302097,660.0,4401.0,259.0,41.0,0.0,20.9040031,0.0,0.0,20.9037457,0.0,259.0,41.0,0.0,660.0,0.0,0.0,0.0,623,DDR5_3200AN,modified_doubleW_traces
0.0,974.0,0.0,999513.0,8639907.0,0.0,0.0,182737.641,177986472.0,NaN,0.0,0.753125012,180531509.0,180534969.0,0.0,974.0,0.0,0.000400467281,723.0,3460.0,183.0,54.0,0.0,20.8954773,0.0,0.0,20.8950748,0.0,183.0,54.0,0.0,723.0,0.0,0.0,0.0,623,DDR5_6400AN,modified_doubleW_traces
0.0,487.0,0.0,999513.0,17161222.0,0.0,0.0,679425.562,330880270.0,NaN,0.0,0.529045641,333399329.0,333403354.0,0.0,487.0,0.0,0.000234540406,255.0,4025.0,202.0,25.0,0.0,19.4277172,0.0,0.0,19.4274826,0.0,202.0,25.0,0.0,255.0,0.0,0.0,0.0,623,DDR5_3200AN,wb_short_trace
0.0,487.0,0.0,999513.0,8631384.0,0.0,0.0,341547.719,166333740.0,NaN,0.0,0.646569669,167606074.0,167608258.0,0.0,487.0,0.0,0.000253030099,311.0,2184.0,139.0,31.0,0.0,19.4184685,0.0,0.0,19.4182167,0.0,139.0,31.0,0.0,311.0,0.0,0.0,0.0,623,DDR5_6400AN,wb_short_trace
0.0,66904.0,0.0,953370.0,18457505.0,0.0,0.0,4236.98779,283471439.0,NaN,0.0,0.607365549,281886843.0,282137434.0,0.0,66904.0,0.0,0.0135766463,40620.0,250591.0,15985.0,10274.0,0.0,15.2857847,0.0,0.0,15.2722082,0.0,15985.0,10274.0,0.0,40620.0,0.0,0.0,0.0,pr_twi,DDR5_3200AN,modified_doubleW_traces
0.0,66904.0,0.0,953370.0,10560544.0,0.0,0.0,2388.91943,159828272.0,NaN,0.0,0.652329922,158638915.0,158772368.0,0.0,66904.0,0.0,0.0126369437,43635.0,133453.0,11560.0,11696.0,0.0,15.0344877,0.0,0.0,15.0218506,0.0,11560.0,11696.0,0.0,43635.0,0.0,0.0,0.0,pr_twi,DDR5_6400AN,modified_doubleW_traces
0.0,46630.0,0.0,953370.0,17951848.0,0.0,0.0,5936.52832,276820306.0,NaN,0.0,0.676370919,275940777.0,276164236.0,0.0,46630.0,0.0,0.0124476878,31527.0,223459.0,11278.0,3807.0,0.0,15.3836098,0.0,0.0,15.3711624,0.0,11278.0,3807.0,0.0,31527.0,0.0,0.0,0.0,pr_twi,DDR5_3200AN,wb_short_trace
0.0,46630.0,0.0,953370.0,10183309.0,0.0,0.0,3333.59375,155445471.0,NaN,0.0,0.719528913,154800982.0,154925722.0,0.0,46630.0,0.0,0.0122494567,33543.0,124740.0,8456.0,4619.0,0.0,15.2136917,0.0,0.0,15.2014418,0.0,8456.0,4619.0,0.0,33543.0,0.0,0.0,0.0,pr_twi,DDR5_6400AN,wb_short_trace
0.0,1032.0,0.0,999484.0,17542764.0,0.0,0.0,253031.828,261128843.0,NaN,0.0,0.72647059,262350666.0,262359597.0,0.0,1032.0,0.0,0.000509098812,741.0,8931.0,271.0,8.0,0.0,14.955431,0.0,0.0,14.9549227,0.0,271.0,8.0,0.0,741.0,0.0,0.0,0.0,600,DDR5_3200AN,modified_doubleW_traces
0.0,1032.0,0.0,999484.0,9325287.0,0.0,0.0,133392.266,137660815.0,NaN,0.0,0.755882382,138287957.0,138294176.0,0.0,1032.0,0.0,0.000666896347,771.0,6219.0,238.0,11.0,0.0,14.830018,0.0,0.0,14.8293505,0.0,238.0,11.0,0.0,771.0,0.0,0.0,0.0,600,DDR5_6400AN,modified_doubleW_traces
0.0,516.0,0.0,999484.0,17529328.0,0.0,0.0,551299.375,284470471.0,NaN,0.0,0.626242518,289678524.0,289683654.0,0.0,516.0,0.0,0.000292652403,315.0,5130.0,177.0,11.0,0.0,16.5256557,0.0,0.0,16.5253639,0.0,177.0,11.0,0.0,315.0,0.0,0.0,0.0,600,DDR5_3200AN,wb_short_trace
0.0,516.0,0.0,999484.0,9311783.0,0.0,0.0,299113.75,154342682.0,NaN,0.0,0.638000011,155489678.0,155493737.0,0.0,516.0,0.0,0.000435899332,319.0,4059.0,171.0,10.0,0.0,16.6986008,0.0,0.0,16.698164,0.0,171.0,10.0,0.0,319.0,0.0,0.0,0.0,600,DDR5_6400AN,wb_short_trace
0.0,7224.0,0.0,996388.0,17308218.0,0.0,0.0,32005.4902,231207667.0,NaN,0.0,0.910427094,249168602.0,249193214.0,0.0,7224.0,0.0,0.00142198347,6566.0,24612.0,571.0,75.0,0.0,14.3973932,0.0,0.0,14.3959713,0.0,571.0,75.0,0.0,6566.0,0.0,0.0,0.0,621,DDR5_3200AN,modified_doubleW_traces
0.0,7224.0,0.0,996388.0,8845361.0,0.0,0.0,16254.0186,117419035.0,NaN,0.0,0.933860242,126400603.0,126416430.0,0.0,7224.0,0.0,0.00178929954,6735.0,15827.0,404.0,73.0,0.0,14.2918339,0.0,0.0,14.2900438,0.0,404.0,73.0,0.0,6735.0,0.0,0.0,0.0,621,DDR5_6400AN,modified_doubleW_traces
0.0,3612.0,0.0,996388.0,17220977.0,0.0,0.0,48165.2891,173973024.0,NaN,0.0,0.883055568,193528827.0,193543895.0,0.0,3612.0,0.0,0.000874979421,3179.0,15068.0,380.0,41.0,0.0,11.2388458,0.0,0.0,11.2379713,0.0,380.0,41.0,0.0,3179.0,0.0,0.0,0.0,621,DDR5_3200AN,wb_short_trace
0.0,3612.0,0.0,996388.0,8771790.0,0.0,0.0,24394.0996,88111484.0,NaN,0.0,0.912500024,97890017.0,97899700.0,0.0,3612.0,0.0,0.00110387965,3285.0,9683.0,278.0,37.0,0.0,11.1607437,0.0,0.0,11.1596394,0.0,278.0,37.0,0.0,3285.0,0.0,0.0,0.0,621,DDR5_6400AN,wb_short_trace
0.0,240861.0,106.0,820818.0,19059058.0,0.0,0.0,1186.86121,285868574.0,NaN,0.0,0.360756457,275023831.0,275417698.0,0.0,240861.0,0.0,0.0206656065,86890.0,393867.0,34392.0,119573.0,0.0,14.4507504,0.0,0.0,14.4300861,0.0,34392.0,119573.0,0.0,86890.0,0.0,0.0,0.0,bc_twi,DDR5_3200AN,modified_doubleW_traces
0.0,240861.0,319.0,820818.0,11795855.0,0.0,0.0,719.791748,173369764.0,NaN,0.0,0.384487629,165238340.0,165450057.0,0.0,240861.0,0.0,0.0179484226,92605.0,211717.0,22473.0,125775.0,0.0,14.0261192,0.0,0.0,14.0081692,0.0,22473.0,125775.0,0.0,92605.0,0.0,0.0,0.0,bc_twi,DDR5_6400AN,modified_doubleW_traces
0.0,179182.0,22.0,820818.0,17382904.0,0.0,0.0,1458.99731,261426054.0,NaN,0.0,0.472328573,254900071.0,255213956.0,0.0,179182.0,0.0,0.0180571098,84629.0,313885.0,29174.0,65371.0,0.0,14.6818943,0.0,0.0,14.6638365,0.0,29174.0,65371.0,0.0,84629.0,0.0,0.0,0.0,bc_twi,DDR5_3200AN,wb_short_trace
0.0,179182.0,32.0,820818.0,10487877.0,0.0,0.0,863.099487,154651895.0,NaN,0.0,0.498398066,149777999.0,149946778.0,0.0,179182.0,0.0,0.0160927698,89292.0,168779.0,19726.0,70140.0,0.0,14.2971535,0.0,0.0,14.2810602,0.0,19726.0,70140.0,0.0,89292.0,0.0,0.0,0.0,bc_twi,DDR5_6400AN,wb_short_trace
0.0,7682.0,0.0,996159.0,17303528.0,0.0,0.0,29082.4883,223411685.0,NaN,0.0,0.928879023,234067335.0,234102972.0,0.0,7682.0,0.0,0.00205952208,7118.0,35637.0,541.0,4.0,0.0,13.5292053,0.0,0.0,13.5271444,0.0,541.0,4.0,0.0,7118.0,0.0,0.0,0.0,628,DDR5_3200AN,modified_doubleW_traces
0.0,7682.0,0.0,996159.0,8839303.0,0.0,0.0,14888.5713,114374008.0,NaN,0.0,0.949367106,119703719.0,119726564.0,0.0,7682.0,0.0,0.00258447975,7275.0,22845.0,384.0,4.0,0.0,13.544796,0.0,0.0,13.5422125,0.0,384.0,4.0,0.0,7275.0,0.0,0.0,0.0,628,DDR5_6400AN,modified_doubleW_traces
0.0,3841.0,0.0,996159.0,17168783.0,0.0,0.0,57609.0742,221276454.0,NaN,0.0,0.917539239,233076371.0,233097814.0,0.0,3841.0,0.0,0.0012489527,3505.0,21443.0,313.0,2.0,0.0,13.5768385,0.0,0.0,13.5755901,0.0,313.0,2.0,0.0,3505.0,0.0,0.0,0.0,628,DDR5_3200AN,wb_short_trace
0.0,3841.0,0.0,996159.0,8713595.0,0.0,0.0,29261.4551,112393251.0,NaN,0.0,0.9306283,118291508.0,118307153.0,0.0,3841.0,0.0,0.00179547013,3555.0,15645.0,263.0,2.0,0.0,13.5773067,0.0,0.0,13.575511,0.0,263.0,2.0,0.0,3555.0,0.0,0.0,0.0,628,DDR5_6400AN,wb_short_trace
0.0,76271.0,0.0,948336.0,18284665.0,0.0,0.0,3688.25146,281306610.0,NaN,0.0,0.68040657,279905469.0,280156480.0,0.0,76271.0,0.0,0.0137279527,51881.0,251011.0,15878.0,8491.0,0.0,15.3219376,0.0,0.0,15.3082094,0.0,15878.0,8491.0,0.0,51881.0,0.0,0.0,0.0,pr_web,DDR5_3200AN,modified_doubleW_traces
0.0,76271.0,0.0,948336.0,10252162.0,0.0,0.0,2033.74426,155115719.0,NaN,0.0,0.719588816,154020181.0,154156841.0,0.0,76271.0,0.0,0.013329871,54878.0,136660.0,11519.0,9866.0,0.0,15.036521,0.0,0.0,15.0231895,0.0,11519.0,9866.0,0.0,54878.0,0.0,0.0,0.0,pr_web,DDR5_6400AN,modified_doubleW_traces
0.0,51664.0,0.0,948336.0,17716691.0,0.0,0.0,5279.85693,272778540.0,NaN,0.0,0.711359739,271826069.0,272046456.0,0.0,51664.0,0.0,0.0124395117,36746.0,220387.0,11415.0,3495.0,0.0,15.3553762,0.0,0.0,15.3429365,0.0,11415.0,3495.0,0.0,36746.0,0.0,0.0,0.0,pr_web,DDR5_3200AN,wb_short_trace
0.0,51664.0,0.0,948336.0,9811565.0,0.0,0.0,2903.95776,150030073.0,NaN,0.0,0.747159123,149352197.0,149472156.0,0.0,51664.0,0.0,0.0122262863,38596.0,119959.0,8666.0,4395.0,0.0,15.2342834,0.0,0.0,15.2220564,0.0,8666.0,4395.0,0.0,38596.0,0.0,0.0,0.0,pr_web,DDR5_6400AN,wb_short_trace
0.0,196.0,0.0,999902.0,17125922.0,0.0,0.0,1190314.62,233301660.0,NaN,0.0,0.733333349,249324919.0,249327349.0,0.0,196.0,0.0,0.000141890167,132.0,2430.0,24.0,24.0,0.0,14.5584774,0.0,0.0,14.5583353,0.0,24.0,24.0,0.0,132.0,0.0,0.0,0.0,649,DDR5_3200AN,modified_doubleW_traces
0.0,196.0,0.0,999902.0,8608699.0,0.0,0.0,602264.188,118043781.0,NaN,0.0,0.683333337,125346534.0,125348798.0,0.0,196.0,0.0,0.000262989808,123.0,2264.0,26.0,31.0,0.0,14.5607138,0.0,0.0,14.5604506,0.0,26.0,31.0,0.0,123.0,0.0,0.0,0.0,649,DDR5_6400AN,modified_doubleW_traces
0.0,98.0,0.0,999902.0,17123053.0,0.0,0.0,2196582.5,215265094.0,NaN,0.0,0.574999988,247284040.0,247286007.0,0.0,98.0,0.0,0.000114874383,46.0,1967.0,15.0,19.0,0.0,14.4417009,0.0,0.0,14.4415865,0.0,15.0,19.0,0.0,46.0,0.0,0.0,0.0,649,DDR5_3200AN,wb_short_trace
0.0,98.0,0.0,999902.0,8605223.0,0.0,0.0,1090904.12,106908599.0,NaN,0.0,0.543209851,124330238.0,124331756.0,0.0,98.0,0.0,0.000176404486,44.0,1518.0,16.0,21.0,0.0,14.4484062,0.0,0.0,14.4482298,0.0,16.0,21.0,0.0,44.0,0.0,0.0,0.0,649,DDR5_6400AN,wb_short_trace
0.0,26910.0,0.0,981127.0,18064563.0,0.0,0.0,10365.8799,278945826.0,NaN,0.0,0.378142208,277708224.0,277882456.0,0.0,26910.0,0.0,0.00964496005,10169.0,174232.0,11976.0,4747.0,0.0,15.3827381,0.0,0.0,15.3730927,0.0,11976.0,4747.0,0.0,10169.0,0.0,0.0,0.0,bfs_twi,DDR5_3200AN,modified_doubleW_traces
0.0,26910.0,0.0,981127.0,10093689.0,0.0,0.0,5744.28906,154578814.0,NaN,0.0,0.425649047,153764409.0,153877781.0,0.0,26910.0,0.0,0.0112319691,11444.0,113372.0,9616.0,5826.0,0.0,15.2449493,0.0,0.0,15.2337189,0.0,9616.0,5826.0,0.0,11444.0,0.0,0.0,0.0,bfs_twi,DDR5_6400AN,modified_doubleW_traces
0.0,18873.0,0.0,981127.0,17867565.0,0.0,0.0,14667.6875,276823255.0,NaN,0.0,0.478599846,276132067.0,276258104.0,0.0,18873.0,0.0,0.00705395546,9024.0,126037.0,7738.0,2093.0,0.0,15.4614315,0.0,0.0,15.4543762,0.0,7738.0,2093.0,0.0,9024.0,0.0,0.0,0.0,bfs_twi,DDR5_3200AN,wb_short_trace
0.0,18873.0,0.0,981127.0,9939088.0,0.0,0.0,8094.80957,152773341.0,NaN,0.0,0.512857199,152267728.0,152363723.0,0.0,18873.0,0.0,0.00965833105,9673.0,95995.0,6721.0,2467.0,0.0,15.3297491,0.0,0.0,15.3200903,0.0,6721.0,2467.0,0.0,9673.0,0.0,0.0,0.0,bfs_twi,DDR5_6400AN,wb_short_trace
0.0,303676.0,117.0,758646.0,19946843.0,0.0,0.0,984.514465,298973407.0,NaN,0.0,0.233506888,282353242.0,282820747.0,0.0,303676.0,0.0,0.0234375428,70906.0,467505.0,35085.0,197666.0,0.0,14.1787214,0.0,0.0,14.1552839,0.0,35085.0,197666.0,0.0,70906.0,0.0,0.0,0.0,bc_road,DDR5_3200AN,modified_doubleW_traces
0.0,303676.0,322.0,758646.0,12778204.0,0.0,0.0,617.849365,187626037.0,NaN,0.0,0.256102055,175245417.0,175499807.0,0.0,303676.0,0.0,0.019908119,77770.0,254390.0,22952.0,202946.0,0.0,13.7343092,0.0,0.0,13.7144022,0.0,22952.0,202946.0,0.0,77770.0,0.0,0.0,0.0,bc_road,DDR5_6400AN,modified_doubleW_traces
0.0,241354.0,38.0,758646.0,18104071.0,0.0,0.0,1118.12793,269864647.0,NaN,0.0,0.337521195,258780846.0,259174733.0,0.0,241354.0,0.0,0.0217568185,81455.0,393887.0,31476.0,128402.0,0.0,14.3158255,0.0,0.0,14.2940683,0.0,31476.0,128402.0,0.0,81455.0,0.0,0.0,0.0,bc_road,DDR5_3200AN,wb_short_trace
0.0,241354.0,168.0,758646.0,11331660.0,0.0,0.0,685.220337,165380676.0,NaN,0.0,0.364750981,157088615.0,157296325.0,0.0,241354.0,0.0,0.0183300599,88029.0,207710.0,21137.0,132174.0,0.0,13.8811369,0.0,0.0,13.8628063,0.0,21137.0,132174.0,0.0,88029.0,0.0,0.0,0.0,bc_road,DDR5_6400AN,wb_short_trace
0.0,54.0,0.0,999973.0,17154794.0,0.0,0.0,1647891.5,88986141.0,NaN,0.0,0.600000024,197473559.0,197475451.0,0.0,54.0,0.0,0.000110289868,24.0,1892.0,16.0,0.0,0.0,11.5113859,0.0,0.0,11.5112753,0.0,16.0,0.0,0.0,24.0,0.0,0.0,0.0,605,DDR5_3200AN,modified_doubleW_traces
0.0,54.0,0.0,999973.0,8653322.0,0.0,0.0,834089.5,45040834.0,NaN,0.0,0.574999988,99464904.0,99465874.0,0.0,54.0,0.0,0.00011209568,23.0,970.0,16.0,1.0,0.0,11.4945307,0.0,0.0,11.4944181,0.0,16.0,1.0,0.0,23.0,0.0,0.0,0.0,605,DDR5_6400AN,modified_doubleW_traces
0.0,27.0,0.0,999973.0,17153545.0,0.0,0.0,3912070.75,105625909.0,NaN,0.0,0.238095239,153942164.0,153943684.0,0.0,27.0,0.0,8.86114285,5.0,1520.0,14.0,2.0,0.0,8.97445297,0.0,0.0,8.97436428,0.0,14.0,2.0,0.0,5.0,0.0,0.0,0.0,605,DDR5_3200AN,wb_short_trace
0.0,27.0,0.0,999973.0,8653967.0,0.0,0.0,1976360.0,53361720.0,NaN,0.0,0.238095239,77617952.0,77618784.0,0.0,27.0,0.0,9.61408805,5.0,832.0,14.0,2.0,0.0,8.96915627,0.0,0.0,8.96905994,0.0,14.0,2.0,0.0,5.0,0.0,0.0,0.0,605,DDR5_6400AN,wb_short_trace
0.0,34416.0,0.0,982792.0,20997249.0,0.0,0.0,9531.16211,328024494.0,NaN,0.0,0.717192888,327838954.0,327999428.0,0.0,34416.0,0.0,0.00764262071,24670.0,160474.0,2004.0,7724.0,0.0,15.621067,0.0,0.0,15.6134243,0.0,2004.0,7724.0,0.0,24670.0,0.0,0.0,0.0,603,DDR5_3200AN,modified_doubleW_traces
0.0,34416.0,321.0,982792.0,13324404.0,0.0,0.0,6022.74268,207278712.0,NaN,0.0,0.722396672,206999637.0,207103807.0,0.0,34416.0,0.0,0.00781798549,24849.0,104170.0,1449.0,8100.0,0.0,15.5431948,0.0,0.0,15.5353765,0.0,1449.0,8100.0,0.0,24849.0,0.0,0.0,0.0,603,DDR5_6400AN,modified_doubleW_traces
0.0,17208.0,0.0,982792.0,19856628.0,0.0,0.0,18697.6699,321749489.0,NaN,0.0,0.764476717,321651698.0,321734717.0,0.0,17208.0,0.0,0.00418092124,13149.0,83019.0,985.0,3066.0,0.0,16.2028885,0.0,0.0,16.1987076,0.0,985.0,3066.0,0.0,13149.0,0.0,0.0,0.0,603,DDR5_3200AN,wb_short_trace
0.0,17208.0,0.0,982792.0,12377612.0,0.0,0.0,11558.5977,198900359.0,NaN,0.0,0.769593,198777528.0,198839042.0,0.0,17208.0,0.0,0.0049697794,13237.0,61514.0,782.0,3181.0,0.0,16.0644112,0.0,0.0,16.0594406,0.0,782.0,3181.0,0.0,13237.0,0.0,0.0,0.0,603,DDR5_6400AN,wb_short_trace
0.0,14942.0,0.0,988454.0,17865628.0,0.0,0.0,17577.7227,262646326.0,NaN,0.0,0.75832051,269308499.0,269402486.0,0.0,14942.0,0.0,0.00526077207,11324.0,93987.0,3211.0,398.0,0.0,15.0793743,0.0,0.0,15.0741138,0.0,3211.0,398.0,0.0,11324.0,0.0,0.0,0.0,bfs_web,DDR5_3200AN,modified_doubleW_traces
0.0,14942.0,0.0,988454.0,9802386.0,0.0,0.0,9532.61426,142436315.0,NaN,0.0,0.794356167,155546131.0,155609043.0,0.0,14942.0,0.0,0.00641802931,11851.0,62912.0,2583.0,485.0,0.0,15.874608,0.0,0.0,15.8681908,0.0,2583.0,485.0,0.0,11851.0,0.0,0.0,0.0,bfs_web,DDR5_6400AN,modified_doubleW_traces
0.0,11546.0,0.0,988454.0,17790822.0,0.0,0.0,21972.082,253689661.0,NaN,0.0,0.771954179,278780844.0,278857122.0,0.0,11546.0,0.0,0.00428749155,8896.0,76278.0,2379.0,249.0,0.0,15.6742125,0.0,0.0,15.6699238,0.0,2379.0,249.0,0.0,8896.0,0.0,0.0,0.0,bfs_web,DDR5_3200AN,wb_short_trace
0.0,11546.0,0.0,988454.0,9753523.0,0.0,0.0,13166.2861,152017929.0,NaN,0.0,0.796860099,162186077.0,162240845.0,0.0,11546.0,0.0,0.00561520178,9187.0,54768.0,2034.0,308.0,0.0,16.6340771,0.0,0.0,16.6284618,0.0,2034.0,308.0,0.0,9187.0,0.0,0.0,0.0,bfs_web,DDR5_6400AN,wb_short_trace
0.0,4460.0,0.0,997770.0,17441746.0,0.0,0.0,52067.9961,232223268.0,NaN,0.0,0.935825288,241666462.0,241690240.0,0.0,4460.0,0.0,0.00136328093,4156.0,23778.0,285.0,0.0,0.0,13.8569984,0.0,0.0,13.8556347,0.0,285.0,0.0,0.0,4156.0,0.0,0.0,0.0,638,DDR5_3200AN,modified_doubleW_traces
0.0,4460.0,0.0,997770.0,8936870.0,0.0,0.0,26714.5117,119146718.0,NaN,0.0,0.936050415,124099894.0,124120772.0,0.0,4460.0,0.0,0.0023361647,4157.0,20878.0,284.0,0.0,0.0,13.8886175,0.0,0.0,13.886282,0.0,284.0,0.0,0.0,4157.0,0.0,0.0,0.0,638,DDR5_6400AN,modified_doubleW_traces
0.0,2230.0,0.0,997770.0,17359067.0,0.0,0.0,105471.523,235201509.0,NaN,0.0,0.928828835,241990402.0,242002678.0,0.0,2230.0,0.0,0.000707180821,2062.0,12276.0,158.0,0.0,0.0,13.9409943,0.0,0.0,13.9402876,0.0,158.0,0.0,0.0,2062.0,0.0,0.0,0.0,638,DDR5_3200AN,wb_short_trace
0.0,2230.0,0.0,997770.0,8853854.0,0.0,0.0,53837.0195,120056553.0,NaN,0.0,0.926576555,123619379.0,123631524.0,0.0,2230.0,0.0,0.00137171906,2057.0,12145.0,163.0,0.0,0.0,13.963582,0.0,0.0,13.9622107,0.0,163.0,0.0,0.0,2057.0,0.0,0.0,0.0,638,DDR5_6400AN,wb_short_trace
0.0,53258.0,0.0,973371.0,18067093.0,0.0,0.0,5244.81494,279328337.0,NaN,0.0,0.882683218,278924656.0,279039407.0,0.0,53258.0,0.0,0.00635138201,47002.0,114751.0,5056.0,1191.0,0.0,15.4446211,0.0,0.0,15.4382715,0.0,5056.0,1191.0,0.0,47002.0,0.0,0.0,0.0,654,DDR5_3200AN,modified_doubleW_traces
0.0,53258.0,0.0,973371.0,9705248.0,0.0,0.0,2800.92407,149171618.0,NaN,0.0,0.914364576,148942397.0,149005471.0,0.0,53258.0,0.0,0.00649895798,48689.0,63074.0,3261.0,1299.0,0.0,15.3530827,0.0,0.0,15.3465834,0.0,3261.0,1299.0,0.0,48689.0,0.0,0.0,0.0,654,DDR5_6400AN,modified_doubleW_traces
0.0,26629.0,0.0,973371.0,17510424.0,0.0,0.0,9514.7373,253367958.0,NaN,0.0,0.884677529,253191681.0,253273536.0,0.0,26629.0,0.0,0.00467464421,23551.0,81855.0,2860.0,210.0,0.0,14.4641581,0.0,0.0,14.4594831,0.0,2860.0,210.0,0.0,23551.0,0.0,0.0,0.0,654,DDR5_3200AN,wb_short_trace
0.0,26629.0,0.0,973371.0,9280321.0,0.0,0.0,5034.92432,134074999.0,NaN,0.0,0.920326054,133975469.0,134024350.0,0.0,26629.0,0.0,0.005267167,24500.0,48881.0,1871.0,250.0,0.0,14.4417801,0.0,0.0,14.4365129,0.0,1871.0,250.0,0.0,24500.0,0.0,0.0,0.0,654,DDR5_6400AN,wb_short_trace
0.0,890.0,0.0,999555.0,17095230.0,0.0,0.0,318743.062,283681316.0,NaN,0.0,0.920544863,291975978.0,291982368.0,0.0,890.0,0.0,0.000373788469,811.0,6390.0,70.0,0.0,0.0,17.0797558,0.0,0.0,17.0793819,0.0,70.0,0.0,0.0,811.0,0.0,0.0,0.0,644,DDR5_3200AN,modified_doubleW_traces
0.0,890.0,0.0,999555.0,8576311.0,0.0,0.0,159912.156,142321821.0,NaN,0.0,0.93870604,146493769.0,146497585.0,0.0,890.0,0.0,0.000444946549,827.0,3816.0,54.0,0.0,0.0,17.0816555,0.0,0.0,17.0812111,0.0,54.0,0.0,0.0,827.0,0.0,0.0,0.0,644,DDR5_6400AN,modified_doubleW_traces
0.0,445.0,0.0,999555.0,17078416.0,0.0,0.0,635509.688,282801836.0,NaN,0.0,0.897619069,317070297.0,317074499.0,0.0,445.0,0.0,0.000246041542,377.0,4202.0,43.0,0.0,0.0,18.5658016,0.0,0.0,18.5655575,0.0,43.0,0.0,0.0,377.0,0.0,0.0,0.0,644,DDR5_3200AN,wb_short_trace
0.0,445.0,0.0,999555.0,8561323.0,0.0,0.0,318530.0,141745862.0,NaN,0.0,0.897619069,158934948.0,158938126.0,0.0,445.0,0.0,0.000371204311,377.0,3178.0,43.0,0.0,0.0,18.5646687,0.0,0.0,18.5642967,0.0,43.0,0.0,0.0,377.0,0.0,0.0,0.0,644,DDR5_6400AN,wb_short_trace
0.0,145870.0,0.0,927065.0,18881232.0,0.0,0.0,1984.25647,289443498.0,NaN,0.0,0.847358525,287838740.0,288122569.0,0.0,145870.0,0.0,0.0150323352,123583.0,283829.0,18742.0,3520.0,0.0,15.2597332,0.0,0.0,15.2447014,0.0,18742.0,3520.0,0.0,123583.0,0.0,0.0,0.0,619,DDR5_3200AN,modified_doubleW_traces
0.0,145870.0,0.0,927065.0,9973587.0,0.0,0.0,1029.68188,150199701.0,NaN,0.0,0.903315187,149474419.0,149606518.0,0.0,145870.0,0.0,0.0132448841,131744.0,132099.0,10910.0,3191.0,0.0,15.0002718,0.0,0.0,14.9870272,0.0,10910.0,3191.0,0.0,131744.0,0.0,0.0,0.0,619,DDR5_6400AN,modified_doubleW_traces
0.0,72935.0,0.0,927065.0,17400623.0,0.0,0.0,3695.13403,269504615.0,NaN,0.0,0.868499696,268883695.0,269115321.0,0.0,72935.0,0.0,0.0133113619,63331.0,231626.0,9578.0,11.0,0.0,15.4658432,0.0,0.0,15.4525309,0.0,9578.0,11.0,0.0,63331.0,0.0,0.0,0.0,619,DDR5_3200AN,wb_short_trace
0.0,72935.0,0.0,927065.0,9021691.0,0.0,0.0,1898.6394,138477266.0,NaN,0.0,0.924067497,138202826.0,138313284.0,0.0,72935.0,0.0,0.0122436024,67383.0,110458.0,5525.0,12.0,0.0,15.331192,0.0,0.0,15.3189497,0.0,5525.0,12.0,0.0,67383.0,0.0,0.0,0.0,619,DDR5_6400AN,wb_short_trace
