total_num_other_requests,total_num_write_requests,total_wait_cycles,total_num_read_requests,memory_system_cycles,total_rfm_cycles_rank1,total_rfm_cycles_rank0,avg_write_latency_0,write_depart_latency_0,avg_read_latency_0,read_queue_len_avg_0,write_queue_len_0,queue_len_0,num_other_reqs_0,num_write_reqs_0,read_latency_0,priority_queue_len_avg_0,row_hits_0,priority_queue_len_0,row_misses_0,row_conflicts_0,read_row_misses_0,queue_len_avg_0,read_row_conflicts_core_0,read_row_hits_0,write_queue_len_avg_0,read_row_conflicts_0,write_row_misses_0,write_row_conflicts_0,read_queue_len_0,write_row_hits_0,read_row_hits_core_0,read_row_misses_core_0,num_read_reqs_0,trace,slow_timing
0.0,3304.0,13083.0,996696.0,8646291.0,0.0,0.0,39518.2266,130568215.0,NaN,0.0,133106773.0,133134146.0,0.0,3304.0,0.0,0.00316586625,2639.0,27373.0,622.0,24.0,0.0,15.3978329,0.0,0.0,15.3946676,0.0,622.0,24.0,0.0,2639.0,0.0,0.0,0.0,602,DDR5_3200BN
0.0,3304.0,7518.0,996696.0,8642262.0,0.0,0.0,40147.9688,132648885.0,NaN,0.0,135201243.0,135223435.0,0.0,3304.0,0.0,0.00256784633,2658.0,22192.0,601.0,26.0,0.0,15.6467648,0.0,0.0,15.6441965,0.0,601.0,26.0,0.0,2658.0,0.0,0.0,0.0,602,DDR5_3200AN
0.0,3304.0,12066.0,996696.0,8646299.0,0.0,0.0,39478.6094,130437329.0,NaN,0.0,132973600.0,133001893.0,0.0,3304.0,0.0,0.00327226706,2644.0,28293.0,618.0,23.0,0.0,15.3825235,0.0,0.0,15.3792505,0.0,618.0,23.0,0.0,2644.0,0.0,0.0,0.0,602,DDR5_3200C
0.0,3304.0,6616.0,996696.0,8643274.0,0.0,0.0,40114.1367,132537105.0,NaN,0.0,135085995.0,135109363.0,0.0,3304.0,0.0,0.00270360522,2677.0,23368.0,583.0,25.0,0.0,15.6317339,0.0,0.0,15.6290312,0.0,583.0,25.0,0.0,2677.0,0.0,0.0,0.0,602,DDR5_3600BN
0.0,3304.0,5445.0,996696.0,8642262.0,0.0,0.0,40097.3828,132481749.0,NaN,0.0,135037936.0,135058804.0,0.0,3304.0,0.0,0.00241464563,2678.0,20868.0,582.0,25.0,0.0,15.6277142,0.0,0.0,15.6253004,0.0,582.0,25.0,0.0,2678.0,0.0,0.0,0.0,602,DDR5_3600AN
0.0,3304.0,5498.0,996696.0,8642182.0,0.0,0.0,40096.1641,132477721.0,NaN,0.0,135024916.0,135049040.0,0.0,3304.0,0.0,0.00279142475,2684.0,24124.0,576.0,25.0,0.0,15.626729,0.0,0.0,15.6239376,0.0,576.0,25.0,0.0,2684.0,0.0,0.0,0.0,602,DDR5_3600C
0.0,3304.0,8030.0,996696.0,8643745.0,0.0,0.0,40311.7305,133189958.0,NaN,0.0,135740201.0,135764129.0,0.0,3304.0,0.0,0.00276824459,2662.0,23928.0,597.0,26.0,0.0,15.7066326,0.0,0.0,15.7038651,0.0,597.0,26.0,0.0,2662.0,0.0,0.0,0.0,602,DDR5_4000BN
0.0,3304.0,10612.0,996696.0,8646382.0,0.0,0.0,39306.6445,129869148.0,NaN,0.0,132417765.0,132438831.0,0.0,3304.0,0.0,0.0024363948,2661.0,21066.0,597.0,27.0,0.0,15.3172541,0.0,0.0,15.3148184,0.0,597.0,27.0,0.0,2661.0,0.0,0.0,0.0,602,DDR5_4000AN
0.0,3304.0,8603.0,996696.0,8643736.0,0.0,0.0,40306.6914,133173309.0,NaN,0.0,135719253.0,135744877.0,0.0,3304.0,0.0,0.00296445889,2665.0,25624.0,594.0,26.0,0.0,15.704422,0.0,0.0,15.701457,0.0,594.0,26.0,0.0,2665.0,0.0,0.0,0.0,602,DDR5_4000C
0.0,3304.0,5574.0,996696.0,8641276.0,0.0,0.0,40120.4922,132558109.0,NaN,0.0,135113652.0,135134582.0,0.0,3304.0,0.0,0.00242209597,2690.0,20930.0,568.0,27.0,0.0,15.6382666,0.0,0.0,15.6358442,0.0,568.0,27.0,0.0,2690.0,0.0,0.0,0.0,602,DDR5_4400BN
0.0,3304.0,5227.0,996696.0,8641389.0,0.0,0.0,40103.9258,132503378.0,NaN,0.0,135063506.0,135082441.0,0.0,3304.0,0.0,0.00219119876,2684.0,18935.0,574.0,27.0,0.0,15.6320295,0.0,0.0,15.629837,0.0,574.0,27.0,0.0,2684.0,0.0,0.0,0.0,602,DDR5_4400AN
0.0,3304.0,6139.0,996696.0,8641269.0,0.0,0.0,40122.2031,132563763.0,NaN,0.0,135116754.0,135139165.0,0.0,3304.0,0.0,0.00259348471,2692.0,22411.0,566.0,27.0,0.0,15.6388102,0.0,0.0,15.6362162,0.0,566.0,27.0,0.0,2692.0,0.0,0.0,0.0,602,DDR5_4400C
0.0,3304.0,5100.0,996696.0,8640974.0,0.0,0.0,39853.4766,131675889.0,NaN,0.0,133686343.0,133706820.0,0.0,3304.0,0.0,0.00236975611,2701.0,20477.0,555.0,31.0,0.0,15.4735813,0.0,0.0,15.4712124,0.0,555.0,31.0,0.0,2701.0,0.0,0.0,0.0,602,DDR5_4800BN
0.0,3304.0,4531.0,996696.0,8640686.0,0.0,0.0,40073.7227,132403576.0,NaN,0.0,134965739.0,134983082.0,0.0,3304.0,0.0,0.0020071324,2701.0,17343.0,556.0,28.0,0.0,15.6218023,0.0,0.0,15.6197948,0.0,556.0,28.0,0.0,2701.0,0.0,0.0,0.0,602,DDR5_4800AN
0.0,3304.0,4623.0,996696.0,8640983.0,0.0,0.0,40057.8359,132351092.0,NaN,0.0,134908254.0,134929633.0,0.0,3304.0,0.0,0.00247413991,2697.0,21379.0,558.0,30.0,0.0,15.6150789,0.0,0.0,15.6126051,0.0,558.0,30.0,0.0,2697.0,0.0,0.0,0.0,602,DDR5_4800C
0.0,3304.0,5273.0,996696.0,8641540.0,0.0,0.0,40044.2305,132306133.0,NaN,0.0,134861923.0,134882492.0,0.0,3304.0,0.0,0.002380247,2699.0,20569.0,557.0,29.0,0.0,15.6086178,0.0,0.0,15.6062365,0.0,557.0,29.0,0.0,2699.0,0.0,0.0,0.0,602,DDR5_5200BN
0.0,3304.0,5283.0,996696.0,8641389.0,0.0,0.0,40033.5312,132270783.0,NaN,0.0,134832193.0,134850780.0,0.0,3304.0,0.0,0.00215092744,2698.0,18587.0,558.0,29.0,0.0,15.6052208,0.0,0.0,15.6030693,0.0,558.0,29.0,0.0,2698.0,0.0,0.0,0.0,602,DDR5_5200AN
0.0,3304.0,6535.0,996696.0,8644024.0,0.0,0.0,40050.168,132325756.0,NaN,0.0,134874503.0,134897539.0,0.0,3304.0,0.0,0.00266496255,2702.0,23036.0,556.0,27.0,0.0,15.6058722,0.0,0.0,15.6032066,0.0,556.0,27.0,0.0,2702.0,0.0,0.0,0.0,602,DDR5_5200C
0.0,3304.0,5054.0,996696.0,8641079.0,0.0,0.0,40087.1367,132447895.0,NaN,0.0,135008519.0,135028292.0,0.0,3304.0,0.0,0.00228825584,2695.0,19773.0,561.0,29.0,0.0,15.6263227,0.0,0.0,15.6240339,0.0,561.0,29.0,0.0,2695.0,0.0,0.0,0.0,602,DDR5_5600BN
0.0,3304.0,4777.0,996696.0,8641079.0,0.0,0.0,40083.1562,132434753.0,NaN,0.0,134998949.0,135016417.0,0.0,3304.0,0.0,0.00202150689,2695.0,17468.0,561.0,29.0,0.0,15.6249485,0.0,0.0,15.6229267,0.0,561.0,29.0,0.0,2695.0,0.0,0.0,0.0,602,DDR5_5600AN
0.0,3304.0,5025.0,996696.0,8641079.0,0.0,0.0,40087.6016,132449430.0,NaN,0.0,135007758.0,135029016.0,0.0,3304.0,0.0,0.00246010954,2695.0,21258.0,561.0,29.0,0.0,15.6264076,0.0,0.0,15.6239471,0.0,561.0,29.0,0.0,2695.0,0.0,0.0,0.0,602,DDR5_5600C
0.0,3304.0,7010.0,996696.0,8641389.0,0.0,0.0,39796.0234,131486064.0,NaN,0.0,133494702.0,133514328.0,0.0,3304.0,0.0,0.00227116258,2710.0,19626.0,548.0,29.0,0.0,15.4505634,0.0,0.0,15.4482927,0.0,548.0,29.0,0.0,2710.0,0.0,0.0,0.0,602,DDR5_6000BN
0.0,3304.0,6647.0,996696.0,8641309.0,0.0,0.0,39788.0547,131459728.0,NaN,0.0,133471297.0,133488696.0,0.0,3304.0,0.0,0.00201346818,2709.0,17399.0,549.0,29.0,0.0,15.4477406,0.0,0.0,15.4457264,0.0,549.0,29.0,0.0,2709.0,0.0,0.0,0.0,602,DDR5_6000AN
0.0,3304.0,10503.0,996696.0,8645485.0,0.0,0.0,40043.832,132304823.0,NaN,0.0,134848377.0,134870255.0,0.0,3304.0,0.0,0.00253056944,2699.0,21878.0,559.0,27.0,0.0,15.6000795,0.0,0.0,15.5975504,0.0,559.0,27.0,0.0,2699.0,0.0,0.0,0.0,602,DDR5_6000C
0.0,3304.0,166.0,996696.0,8635429.0,0.0,0.0,39393.3906,130155766.0,NaN,0.0,132705030.0,132724459.0,0.0,3304.0,0.0,0.00224991725,2703.0,19429.0,553.0,29.0,0.0,15.3697586,0.0,0.0,15.3675089,0.0,553.0,29.0,0.0,2703.0,0.0,0.0,0.0,602,DDR5_6400BN
0.0,3304.0,68.0,996696.0,8635565.0,0.0,0.0,39374.3359,130092805.0,NaN,0.0,132645678.0,132662794.0,0.0,3304.0,0.0,0.00198203581,2705.0,17116.0,551.0,29.0,0.0,15.3623753,0.0,0.0,15.3603935,0.0,551.0,29.0,0.0,2705.0,0.0,0.0,0.0,602,DDR5_6400AN
0.0,3304.0,333.0,996696.0,8635429.0,0.0,0.0,39386.2383,130132130.0,NaN,0.0,132679256.0,132699778.0,0.0,3304.0,0.0,0.00237648888,2706.0,20522.0,550.0,29.0,0.0,15.3669004,0.0,0.0,15.3645239,0.0,550.0,29.0,0.0,2706.0,0.0,0.0,0.0,602,DDR5_6400C
0.0,281012.0,1504923.0,718988.0,11726831.0,0.0,0.0,644.773376,181189061.0,NaN,0.0,163240884.0,163937149.0,0.0,281012.0,0.0,0.0593736693,72195.0,696265.0,60721.0,148076.0,0.0,13.9796638,0.0,0.0,13.920289,0.0,60721.0,148076.0,0.0,72195.0,0.0,0.0,0.0,620,DDR5_3200BN
0.0,281012.0,1373006.0,718988.0,11630355.0,0.0,0.0,639.90094,179819848.0,NaN,0.0,162377791.0,163015751.0,0.0,281012.0,0.0,0.0548530109,71180.0,637960.0,61300.0,148527.0,0.0,14.0164032,0.0,0.0,13.9615507,0.0,61300.0,148527.0,0.0,71180.0,0.0,0.0,0.0,620,DDR5_3200AN
0.0,281012.0,1605686.0,718988.0,11775111.0,0.0,0.0,648.029785,182104139.0,NaN,0.0,163624799.0,164360552.0,0.0,281012.0,0.0,0.0624837428,73178.0,735753.0,60444.0,147371.0,0.0,13.9583006,0.0,0.0,13.8958178,0.0,60444.0,147371.0,0.0,73178.0,0.0,0.0,0.0,620,DDR5_3200C
0.0,281012.0,1194228.0,718988.0,11513145.0,0.0,0.0,636.293274,178806047.0,NaN,0.0,161841195.0,162406780.0,0.0,281012.0,0.0,0.0491251536,74094.0,565585.0,53704.0,153195.0,0.0,14.106205,0.0,0.0,14.0570803,0.0,53704.0,153195.0,0.0,74094.0,0.0,0.0,0.0,620,DDR5_3600BN
0.0,281012.0,998065.0,718988.0,11375604.0,0.0,0.0,627.959412,176464126.0,NaN,0.0,160536361.0,161031607.0,0.0,281012.0,0.0,0.0435357988,72964.0,495246.0,54261.0,153781.0,0.0,14.1558723,0.0,0.0,14.1123381,0.0,54261.0,153781.0,0.0,72964.0,0.0,0.0,0.0,620,DDR5_3600AN
0.0,281012.0,1297406.0,718988.0,11576902.0,0.0,0.0,640.786438,180068680.0,NaN,0.0,162422238.0,163014420.0,0.0,281012.0,0.0,0.0511520281,74224.0,592182.0,53797.0,152971.0,0.0,14.0810051,0.0,0.0,14.0298538,0.0,53797.0,152971.0,0.0,74224.0,0.0,0.0,0.0,620,DDR5_3600C
0.0,281012.0,973051.0,718988.0,11383651.0,0.0,0.0,631.991699,177597256.0,NaN,0.0,161382936.0,161840453.0,0.0,281012.0,0.0,0.0401907079,74445.0,457517.0,48952.0,157596.0,0.0,14.2169189,0.0,0.0,14.1767302,0.0,48952.0,157596.0,0.0,74445.0,0.0,0.0,0.0,620,DDR5_4000BN
0.0,281012.0,815585.0,718988.0,11276076.0,0.0,0.0,624.400574,175464053.0,NaN,0.0,160218461.0,160624956.0,0.0,281012.0,0.0,0.0360493325,73533.0,406495.0,49125.0,158349.0,0.0,14.2447567,0.0,0.0,14.2087078,0.0,49125.0,158349.0,0.0,73533.0,0.0,0.0,0.0,620,DDR5_4000AN
0.0,281012.0,1120011.0,718988.0,11464073.0,0.0,0.0,634.783569,178381813.0,NaN,0.0,161503846.0,162010986.0,0.0,281012.0,0.0,0.0442373306,75737.0,507140.0,48063.0,157200.0,0.0,14.132062,0.0,0.0,14.0878239,0.0,48063.0,157200.0,0.0,75737.0,0.0,0.0,0.0,620,DDR5_4000C
0.0,281012.0,887178.0,718988.0,11327047.0,0.0,0.0,628.995178,176755195.0,NaN,0.0,160996291.0,161411909.0,0.0,281012.0,0.0,0.0366925299,75202.0,415618.0,44547.0,161258.0,0.0,14.2501307,0.0,0.0,14.213439,0.0,44547.0,161258.0,0.0,75202.0,0.0,0.0,0.0,620,DDR5_4400BN
0.0,281012.0,747131.0,718988.0,11256623.0,0.0,0.0,622.447754,174915288.0,NaN,0.0,160153764.0,160527548.0,0.0,281012.0,0.0,0.0332056955,74292.0,373784.0,45303.0,161409.0,0.0,14.2607203,0.0,0.0,14.2275143,0.0,45303.0,161409.0,0.0,74292.0,0.0,0.0,0.0,620,DDR5_4400AN
0.0,281012.0,1014000.0,718988.0,11407420.0,0.0,0.0,634.309387,178248537.0,NaN,0.0,161692525.0,162138179.0,0.0,281012.0,0.0,0.03906703,76425.0,445654.0,44036.0,160541.0,0.0,14.2133961,0.0,0.0,14.1743298,0.0,44036.0,160541.0,0.0,76425.0,0.0,0.0,0.0,620,DDR5_4400C
0.0,281012.0,716230.0,718988.0,11216496.0,0.0,0.0,624.941956,175616184.0,NaN,0.0,160173700.0,160539647.0,0.0,281012.0,0.0,0.032625787,76695.0,365947.0,40122.0,164189.0,0.0,14.3128166,0.0,0.0,14.2801905,0.0,40122.0,164189.0,0.0,76695.0,0.0,0.0,0.0,620,DDR5_4800BN
0.0,281012.0,557337.0,718988.0,11139877.0,0.0,0.0,617.840454,173620583.0,NaN,0.0,159505760.0,159818754.0,0.0,281012.0,0.0,0.0280967187,74869.0,312994.0,41369.0,164762.0,0.0,14.3465452,0.0,0.0,14.318449,0.0,41369.0,164762.0,0.0,74869.0,0.0,0.0,0.0,620,DDR5_4800AN
0.0,281012.0,792884.0,718988.0,11255735.0,0.0,0.0,628.827209,176708004.0,NaN,0.0,160801583.0,161187767.0,0.0,281012.0,0.0,0.0343099758,77006.0,386184.0,39944.0,164058.0,0.0,14.3205004,0.0,0.0,14.286191,0.0,39944.0,164058.0,0.0,77006.0,0.0,0.0,0.0,620,DDR5_4800C
0.0,281012.0,664048.0,718988.0,11209471.0,0.0,0.0,620.897278,174479588.0,NaN,0.0,159822026.0,160135473.0,0.0,281012.0,0.0,0.0279626939,77166.0,313447.0,37373.0,166467.0,0.0,14.2857294,0.0,0.0,14.2577677,0.0,37373.0,166467.0,0.0,77166.0,0.0,0.0,0.0,620,DDR5_5200BN
0.0,281012.0,557126.0,718988.0,11147573.0,0.0,0.0,614.121338,172575468.0,NaN,0.0,158741646.0,159029634.0,0.0,281012.0,0.0,0.0258341432,76579.0,287988.0,37767.0,166645.0,0.0,14.2658529,0.0,0.0,14.2400188,0.0,37767.0,166645.0,0.0,76579.0,0.0,0.0,0.0,620,DDR5_5200AN
0.0,281012.0,789138.0,718988.0,11287943.0,0.0,0.0,628.03595,176485636.0,NaN,0.0,160966166.0,161308204.0,0.0,281012.0,0.0,0.0303011797,78184.0,342038.0,36577.0,166239.0,0.0,14.2903099,0.0,0.0,14.2600079,0.0,36577.0,166239.0,0.0,78184.0,0.0,0.0,0.0,620,DDR5_5200C
0.0,281012.0,610696.0,718988.0,11200969.0,0.0,0.0,618.52771,173813708.0,NaN,0.0,159852959.0,160136160.0,0.0,281012.0,0.0,0.025283616,78614.0,283201.0,34162.0,168219.0,0.0,14.2966347,0.0,0.0,14.2713509,0.0,34162.0,168219.0,0.0,78614.0,0.0,0.0,0.0,620,DDR5_5600BN
0.0,281012.0,476677.0,718988.0,11117919.0,0.0,0.0,610.545227,171570528.0,NaN,0.0,158692444.0,158934778.0,0.0,281012.0,0.0,0.0217967052,77281.0,242334.0,35149.0,168563.0,0.0,14.295372,0.0,0.0,14.2735748,0.0,35149.0,168563.0,0.0,77281.0,0.0,0.0,0.0,620,DDR5_5600AN
0.0,281012.0,681076.0,718988.0,11233305.0,0.0,0.0,623.215637,175131072.0,NaN,0.0,160491806.0,160790363.0,0.0,281012.0,0.0,0.0265778415,79164.0,298557.0,33776.0,168067.0,0.0,14.3137188,0.0,0.0,14.2871408,0.0,33776.0,168067.0,0.0,79164.0,0.0,0.0,0.0,620,DDR5_5600C
0.0,281012.0,556675.0,718988.0,11171484.0,0.0,0.0,617.044189,173396821.0,NaN,0.0,159642276.0,159889607.0,0.0,281012.0,0.0,0.0221394934,78486.0,247331.0,32287.0,170221.0,0.0,14.3122969,0.0,0.0,14.2901583,0.0,32287.0,170221.0,0.0,78486.0,0.0,0.0,0.0,620,DDR5_6000BN
0.0,281012.0,468983.0,718988.0,11119320.0,0.0,0.0,609.153564,171179453.0,NaN,0.0,158445640.0,158665273.0,0.0,281012.0,0.0,0.0197523776,77168.0,219633.0,33272.0,170554.0,0.0,14.2693329,0.0,0.0,14.2495794,0.0,33272.0,170554.0,0.0,77168.0,0.0,0.0,0.0,620,DDR5_6000AN
0.0,281012.0,694285.0,718988.0,11249341.0,0.0,0.0,626.84906,176152110.0,NaN,0.0,161406676.0,161690116.0,0.0,281012.0,0.0,0.0251961425,79108.0,283440.0,31845.0,170055.0,0.0,14.3732967,0.0,0.0,14.3481007,0.0,31845.0,170055.0,0.0,79108.0,0.0,0.0,0.0,620,DDR5_6000C
0.0,281012.0,105907.0,718988.0,10767225.0,0.0,0.0,595.247009,167271549.0,NaN,0.0,153992300.0,154218701.0,0.0,281012.0,0.0,0.0210268665,79755.0,226401.0,28779.0,172465.0,0.0,14.3229761,0.0,0.0,14.3019495,0.0,28779.0,172465.0,0.0,79755.0,0.0,0.0,0.0,620,DDR5_6400BN
0.0,281012.0,41411.0,718988.0,10741187.0,0.0,0.0,587.094849,164980708.0,NaN,0.0,152730489.0,152932722.0,0.0,281012.0,0.0,0.0188278072,78444.0,202233.0,29594.0,172963.0,0.0,14.2379723,0.0,0.0,14.2191448,0.0,29594.0,172963.0,0.0,78444.0,0.0,0.0,0.0,620,DDR5_6400AN
0.0,281012.0,174432.0,718988.0,10799919.0,0.0,0.0,599.766541,168541596.0,NaN,0.0,154574143.0,154821788.0,0.0,281012.0,0.0,0.0229302645,80023.0,247645.0,28549.0,172437.0,0.0,14.3354588,0.0,0.0,14.3125277,0.0,28549.0,172437.0,0.0,80023.0,0.0,0.0,0.0,620,DDR5_6400C
0.0,38611.0,352263.0,961389.0,12072686.0,0.0,0.0,4876.58008,188289629.0,NaN,0.0,188078498.0,188557064.0,0.0,38611.0,0.0,0.0396403931,34363.0,478566.0,4233.0,4.0,0.0,15.6184845,0.0,0.0,15.5788441,0.0,4233.0,4.0,0.0,34363.0,0.0,0.0,0.0,607,DDR5_3200BN
0.0,38611.0,369754.0,961389.0,12099493.0,0.0,0.0,4878.70166,188371554.0,NaN,0.0,188174725.0,188645520.0,0.0,38611.0,0.0,0.038910307,34366.0,470795.0,4230.0,4.0,0.0,15.5911922,0.0,0.0,15.5522814,0.0,4230.0,4.0,0.0,34366.0,0.0,0.0,0.0,607,DDR5_3200AN
0.0,38611.0,375791.0,961389.0,12116530.0,0.0,0.0,4901.30566,189244314.0,NaN,0.0,189017484.0,189552239.0,0.0,38611.0,0.0,0.0441343337,34332.0,534755.0,4264.0,4.0,0.0,15.6441031,0.0,0.0,15.5999689,0.0,4264.0,4.0,0.0,34332.0,0.0,0.0,0.0,607,DDR5_3200C
0.0,38611.0,76860.0,961389.0,11754004.0,0.0,0.0,4727.7627,182543643.0,NaN,0.0,182349602.0,182640398.0,0.0,38611.0,0.0,0.0247401651,34830.0,290796.0,3765.0,5.0,0.0,15.5385685,0.0,0.0,15.5138283,0.0,3765.0,5.0,0.0,34830.0,0.0,0.0,0.0,607,DDR5_3600BN
0.0,38611.0,68992.0,961389.0,11748234.0,0.0,0.0,4718.91309,182201953.0,NaN,0.0,182026456.0,182280342.0,0.0,38611.0,0.0,0.0216105673,34839.0,253886.0,3757.0,4.0,0.0,15.5155516,0.0,0.0,15.4939423,0.0,3757.0,4.0,0.0,34839.0,0.0,0.0,0.0,607,DDR5_3600AN
0.0,38611.0,87834.0,961389.0,11768234.0,0.0,0.0,4736.48975,182880608.0,NaN,0.0,182667292.0,182984376.0,0.0,38611.0,0.0,0.0269440599,34824.0,317084.0,3772.0,4.0,0.0,15.5490093,0.0,0.0,15.5220652,0.0,3772.0,4.0,0.0,34824.0,0.0,0.0,0.0,607,DDR5_3600C
0.0,38611.0,63350.0,961389.0,11744328.0,0.0,0.0,4725.87305,182470693.0,NaN,0.0,182301416.0,182543113.0,0.0,38611.0,0.0,0.0205798913,35173.0,241697.0,3422.0,5.0,0.0,15.543088,0.0,0.0,15.5225067,0.0,3422.0,5.0,0.0,35173.0,0.0,0.0,0.0,607,DDR5_4000BN
0.0,38611.0,61034.0,961389.0,11739400.0,0.0,0.0,4714.38135,182026983.0,NaN,0.0,181876507.0,182093741.0,0.0,38611.0,0.0,0.0185046941,35179.0,217234.0,3417.0,4.0,0.0,15.5113335,0.0,0.0,15.4928284,0.0,3417.0,4.0,0.0,35179.0,0.0,0.0,0.0,607,DDR5_4000AN
0.0,38611.0,63910.0,961389.0,11741277.0,0.0,0.0,4721.77539,182312470.0,NaN,0.0,182130641.0,182395761.0,0.0,38611.0,0.0,0.0225801673,35171.0,265120.0,3425.0,4.0,0.0,15.5345764,0.0,0.0,15.5119963,0.0,3425.0,4.0,0.0,35171.0,0.0,0.0,0.0,607,DDR5_4000C
0.0,38611.0,39279.0,961389.0,11714332.0,0.0,0.0,4701.71191,181537805.0,NaN,0.0,181379262.0,181593336.0,0.0,38611.0,0.0,0.0182745382,35466.0,214074.0,3130.0,4.0,0.0,15.5018091,0.0,0.0,15.4835348,0.0,3130.0,4.0,0.0,35466.0,0.0,0.0,0.0,607,DDR5_4400BN
0.0,38611.0,32577.0,961389.0,11708709.0,0.0,0.0,4696.30029,181328843.0,NaN,0.0,181191396.0,181380634.0,0.0,38611.0,0.0,0.0161621571,35473.0,189238.0,3122.0,5.0,0.0,15.4910879,0.0,0.0,15.474925,0.0,3122.0,5.0,0.0,35473.0,0.0,0.0,0.0,607,DDR5_4400AN
0.0,38611.0,41372.0,961389.0,11714402.0,0.0,0.0,4704.74902,181655058.0,NaN,0.0,181482292.0,181718648.0,0.0,38611.0,0.0,0.0201765317,35455.0,236356.0,3141.0,4.0,0.0,15.512414,0.0,0.0,15.4922371,0.0,3141.0,4.0,0.0,35455.0,0.0,0.0,0.0,607,DDR5_4400C
0.0,38611.0,55115.0,961389.0,11735302.0,0.0,0.0,4716.63916,182114159.0,NaN,0.0,181970394.0,182168998.0,0.0,38611.0,0.0,0.0169236381,35691.0,198604.0,2905.0,4.0,0.0,15.5231619,0.0,0.0,15.5062389,0.0,2905.0,4.0,0.0,35691.0,0.0,0.0,0.0,607,DDR5_4800BN
0.0,38611.0,52235.0,961389.0,11732775.0,0.0,0.0,4710.03076,181858985.0,NaN,0.0,181741209.0,181910593.0,0.0,38611.0,0.0,0.0144368233,35688.0,169384.0,2907.0,5.0,0.0,15.5044813,0.0,0.0,15.4900455,0.0,2907.0,5.0,0.0,35688.0,0.0,0.0,0.0,607,DDR5_4800AN
0.0,38611.0,53438.0,961389.0,11733595.0,0.0,0.0,4714.60205,182035497.0,NaN,0.0,181881155.0,182090467.0,0.0,38611.0,0.0,0.0178386923,35693.0,209312.0,2903.0,4.0,0.0,15.5187273,0.0,0.0,15.5008888,0.0,2903.0,4.0,0.0,35693.0,0.0,0.0,0.0,607,DDR5_4800C
0.0,38611.0,71895.0,961389.0,11752133.0,0.0,0.0,4724.32617,182410966.0,NaN,0.0,182281620.0,182474139.0,0.0,38611.0,0.0,0.0163816214,35875.0,192519.0,2722.0,3.0,0.0,15.5268955,0.0,0.0,15.5105133,0.0,2722.0,3.0,0.0,35875.0,0.0,0.0,0.0,607,DDR5_5200BN
0.0,38611.0,75760.0,961389.0,11756626.0,0.0,0.0,4714.26416,182022454.0,NaN,0.0,181908142.0,182083225.0,0.0,38611.0,0.0,0.0148922829,35876.0,175083.0,2720.0,4.0,0.0,15.4877119,0.0,0.0,15.4728184,0.0,2720.0,4.0,0.0,35876.0,0.0,0.0,0.0,607,DDR5_5200AN
0.0,38611.0,81151.0,961389.0,11758720.0,0.0,0.0,4732.04688,182709061.0,NaN,0.0,182569151.0,182780079.0,0.0,38611.0,0.0,0.0179380067,35884.0,210928.0,2713.0,3.0,0.0,15.5442162,0.0,0.0,15.5262775,0.0,2713.0,3.0,0.0,35884.0,0.0,0.0,0.0,607,DDR5_5200C
0.0,38611.0,52259.0,961389.0,11731601.0,0.0,0.0,4705.9834,181702713.0,NaN,0.0,181584135.0,181756756.0,0.0,38611.0,0.0,0.0147141898,36057.0,172621.0,2541.0,2.0,0.0,15.4929199,0.0,0.0,15.4782057,0.0,2541.0,2.0,0.0,36057.0,0.0,0.0,0.0,607,DDR5_5600BN
0.0,38611.0,41165.0,961389.0,11718382.0,0.0,0.0,4696.30664,181329090.0,NaN,0.0,181225576.0,181376210.0,0.0,38611.0,0.0,0.0128545053,36055.0,150634.0,2541.0,4.0,0.0,15.4779224,0.0,0.0,15.4650679,0.0,2541.0,4.0,0.0,36055.0,0.0,0.0,0.0,607,DDR5_5600AN
0.0,38611.0,44494.0,961389.0,11720528.0,0.0,0.0,4703.65039,181612636.0,NaN,0.0,181481942.0,181665005.0,0.0,38611.0,0.0,0.015619006,36052.0,183063.0,2545.0,3.0,0.0,15.4997292,0.0,0.0,15.4841089,0.0,2545.0,3.0,0.0,36052.0,0.0,0.0,0.0,607,DDR5_5600C
0.0,38611.0,32438.0,961389.0,11709020.0,0.0,0.0,4683.28857,180826442.0,NaN,0.0,180718338.0,180877692.0,0.0,38611.0,0.0,0.0136095081,36206.0,159354.0,2391.0,3.0,0.0,15.4477224,0.0,0.0,15.4341125,0.0,2391.0,3.0,0.0,36206.0,0.0,0.0,0.0,607,DDR5_6000BN
0.0,38611.0,28731.0,961389.0,11706174.0,0.0,0.0,4681.66064,180763600.0,NaN,0.0,180670623.0,180810860.0,0.0,38611.0,0.0,0.0119797466,36208.0,140237.0,2388.0,4.0,0.0,15.4457693,0.0,0.0,15.4337893,0.0,2388.0,4.0,0.0,36208.0,0.0,0.0,0.0,607,DDR5_6000AN
0.0,38611.0,33738.0,961389.0,11709795.0,0.0,0.0,4688.39697,181023691.0,NaN,0.0,180899599.0,181075304.0,0.0,38611.0,0.0,0.0150049599,36212.0,175705.0,2384.0,4.0,0.0,15.4635754,0.0,0.0,15.4485712,0.0,2384.0,4.0,0.0,36212.0,0.0,0.0,0.0,607,DDR5_6000C
0.0,38611.0,3292.0,961389.0,11675273.0,0.0,0.0,4676.68506,180571482.0,NaN,0.0,180467791.0,180620335.0,0.0,38611.0,0.0,0.0130655617,36353.0,152544.0,2243.0,4.0,0.0,15.4703312,0.0,0.0,15.4572649,0.0,2243.0,4.0,0.0,36353.0,0.0,0.0,0.0,607,DDR5_6400BN
0.0,38611.0,747.0,961389.0,11671486.0,0.0,0.0,4670.57178,180335452.0,NaN,0.0,180245364.0,180382285.0,0.0,38611.0,0.0,0.01173124,36348.0,136921.0,2248.0,4.0,0.0,15.4549551,0.0,0.0,15.443223,0.0,2248.0,4.0,0.0,36348.0,0.0,0.0,0.0,607,DDR5_6400AN
0.0,38611.0,2382.0,961389.0,11676001.0,0.0,0.0,4676.98926,180583226.0,NaN,0.0,180470385.0,180634403.0,0.0,38611.0,0.0,0.0140474467,36351.0,164018.0,2245.0,4.0,0.0,15.4705706,0.0,0.0,15.4565239,0.0,2245.0,4.0,0.0,36351.0,0.0,0.0,0.0,607,DDR5_6400C
0.0,2349.0,10189.0,997651.0,8576756.0,0.0,0.0,58420.1055,137228839.0,NaN,0.0,140400818.0,140412419.0,0.0,2349.0,0.0,0.00135260925,1642.0,11601.0,563.0,125.0,0.0,16.371273,0.0,0.0,16.3699207,0.0,563.0,125.0,0.0,1642.0,0.0,0.0,0.0,623,DDR5_3200BN
0.0,2349.0,9972.0,997651.0,8577762.0,0.0,0.0,59737.3125,140322948.0,NaN,0.0,143495313.0,143506636.0,0.0,2349.0,0.0,0.00132004125,1636.0,11323.0,577.0,117.0,0.0,16.7300797,0.0,0.0,16.7287598,0.0,577.0,117.0,0.0,1636.0,0.0,0.0,0.0,623,DDR5_3200AN
0.0,2349.0,11178.0,997651.0,8578475.0,0.0,0.0,54675.5352,128432828.0,NaN,0.0,131602797.0,131615991.0,0.0,2349.0,0.0,0.00153803558,1639.0,13194.0,572.0,119.0,0.0,15.3425865,0.0,0.0,15.3410482,0.0,572.0,119.0,0.0,1639.0,0.0,0.0,0.0,623,DDR5_3200C
0.0,2349.0,7033.0,997651.0,8575388.0,0.0,0.0,59325.9297,139356607.0,NaN,0.0,142532609.0,142542962.0,0.0,2349.0,0.0,0.00120729231,1669.0,10353.0,541.0,120.0,0.0,16.6223335,0.0,0.0,16.6211262,0.0,541.0,120.0,0.0,1669.0,0.0,0.0,0.0,623,DDR5_3600BN
0.0,2349.0,6840.0,997651.0,8575391.0,0.0,0.0,59328.7578,139363244.0,NaN,0.0,142543997.0,142553676.0,0.0,2349.0,0.0,0.00112869486,1670.0,9679.0,538.0,122.0,0.0,16.6235771,0.0,0.0,16.6224499,0.0,538.0,122.0,0.0,1670.0,0.0,0.0,0.0,623,DDR5_3600AN
0.0,2349.0,7387.0,997651.0,8576720.0,0.0,0.0,59102.8086,138832499.0,NaN,0.0,142003968.0,142016008.0,0.0,2349.0,0.0,0.0014038001,1648.0,12040.0,566.0,116.0,0.0,16.5583115,0.0,0.0,16.5569077,0.0,566.0,116.0,0.0,1648.0,0.0,0.0,0.0,623,DDR5_3600C
0.0,2349.0,7774.0,997651.0,8576390.0,0.0,0.0,59864.0938,140620757.0,NaN,0.0,143797625.0,143808498.0,0.0,2349.0,0.0,0.00126778288,1656.0,10873.0,547.0,127.0,0.0,16.767952,0.0,0.0,16.7666855,0.0,547.0,127.0,0.0,1656.0,0.0,0.0,0.0,623,DDR5_4000BN
0.0,2349.0,5387.0,997651.0,8574226.0,0.0,0.0,59358.7383,139433679.0,NaN,0.0,142600039.0,142608412.0,0.0,2349.0,0.0,0.000976531301,1654.0,8373.0,549.0,127.0,0.0,16.6322212,0.0,0.0,16.6312428,0.0,549.0,127.0,0.0,1654.0,0.0,0.0,0.0,623,DDR5_4000AN
0.0,2349.0,8025.0,997651.0,8577288.0,0.0,0.0,59197.4375,139054784.0,NaN,0.0,141383507.0,141394777.0,0.0,2349.0,0.0,0.00131393515,1660.0,11270.0,551.0,124.0,0.0,16.4847889,0.0,0.0,16.4834747,0.0,551.0,124.0,0.0,1660.0,0.0,0.0,0.0,623,DDR5_4000C
0.0,2349.0,3677.0,997651.0,8572122.0,0.0,0.0,57642.1484,135401411.0,NaN,0.0,138568859.0,138577175.0,0.0,2349.0,0.0,0.000970121531,1698.0,8316.0,507.0,125.0,0.0,16.166029,0.0,0.0,16.16506,0.0,507.0,125.0,0.0,1698.0,0.0,0.0,0.0,623,DDR5_4400BN
0.0,2349.0,2976.0,997651.0,8571983.0,0.0,0.0,56176.8711,131959473.0,NaN,0.0,134455290.0,134462486.0,0.0,2349.0,0.0,0.000839479035,1692.0,7196.0,518.0,124.0,0.0,15.6862745,0.0,0.0,15.6854362,0.0,518.0,124.0,0.0,1692.0,0.0,0.0,0.0,623,DDR5_4400AN
0.0,2349.0,3608.0,997651.0,8572322.0,0.0,0.0,56830.6875,133495289.0,NaN,0.0,136660770.0,136669519.0,0.0,2349.0,0.0,0.00102061033,1697.0,8749.0,502.0,131.0,0.0,15.9431152,0.0,0.0,15.9420948,0.0,502.0,131.0,0.0,1697.0,0.0,0.0,0.0,623,DDR5_4400C
0.0,2349.0,2255.0,997651.0,8571678.0,0.0,0.0,59150.9297,138945543.0,NaN,0.0,142114019.0,142121636.0,0.0,2349.0,0.0,0.000888624112,1700.0,7617.0,494.0,136.0,0.0,16.5803738,0.0,0.0,16.5794868,0.0,494.0,136.0,0.0,1700.0,0.0,0.0,0.0,623,DDR5_4800BN
0.0,2349.0,4179.0,997651.0,8574118.0,0.0,0.0,59006.8438,138607075.0,NaN,0.0,141778504.0,141785828.0,0.0,2349.0,0.0,0.000854198646,1696.0,7324.0,495.0,139.0,0.0,16.5364914,0.0,0.0,16.5356369,0.0,495.0,139.0,0.0,1696.0,0.0,0.0,0.0,623,DDR5_4800AN
0.0,2349.0,1987.0,997651.0,8571643.0,0.0,0.0,59182.9453,139020737.0,NaN,0.0,142187886.0,142196201.0,0.0,2349.0,0.0,0.000970059074,1703.0,8315.0,498.0,129.0,0.0,16.5891418,0.0,0.0,16.588171,0.0,498.0,129.0,0.0,1703.0,0.0,0.0,0.0,623,DDR5_4800C
0.0,2349.0,2337.0,997651.0,8571642.0,0.0,0.0,59295.0312,139284026.0,NaN,0.0,142456936.0,142463876.0,0.0,2349.0,0.0,0.000809646503,1746.0,6940.0,454.0,130.0,0.0,16.6203709,0.0,0.0,16.6195602,0.0,454.0,130.0,0.0,1746.0,0.0,0.0,0.0,623,DDR5_5200BN
0.0,2349.0,2085.0,997651.0,8571642.0,0.0,0.0,59698.5391,140231870.0,NaN,0.0,143408048.0,143414169.0,0.0,2349.0,0.0,0.00071409886,1743.0,6121.0,458.0,129.0,0.0,16.7312374,0.0,0.0,16.7305222,0.0,458.0,129.0,0.0,1743.0,0.0,0.0,0.0,623,DDR5_5200AN
0.0,2349.0,2299.0,997651.0,8571642.0,0.0,0.0,59543.3984,139867447.0,NaN,0.0,143037974.0,143045505.0,0.0,2349.0,0.0,0.000878594816,1746.0,7531.0,455.0,129.0,0.0,16.6882267,0.0,0.0,16.6873474,0.0,455.0,129.0,0.0,1746.0,0.0,0.0,0.0,623,DDR5_5200C
0.0,2349.0,3342.0,997651.0,8572816.0,0.0,0.0,59392.5781,139513163.0,NaN,0.0,142687686.0,142695751.0,0.0,2349.0,0.0,0.000940764381,1721.0,8065.0,481.0,128.0,0.0,16.6451416,0.0,0.0,16.6442013,0.0,481.0,128.0,0.0,1721.0,0.0,0.0,0.0,623,DDR5_5600BN
0.0,2349.0,3180.0,997651.0,8572816.0,0.0,0.0,59958.4727,140842443.0,NaN,0.0,144020173.0,144027605.0,0.0,2349.0,0.0,0.000866926333,1720.0,7432.0,479.0,131.0,0.0,16.8005009,0.0,0.0,16.7996349,0.0,479.0,131.0,0.0,1720.0,0.0,0.0,0.0,623,DDR5_5600AN
0.0,2349.0,3284.0,997651.0,8572816.0,0.0,0.0,59964.832,140857385.0,NaN,0.0,144029285.0,144037760.0,0.0,2349.0,0.0,0.000988589949,1724.0,8475.0,481.0,125.0,0.0,16.8016853,0.0,0.0,16.8006973,0.0,481.0,125.0,0.0,1724.0,0.0,0.0,0.0,623,DDR5_5600C
0.0,2349.0,4579.0,997651.0,8572936.0,0.0,0.0,59438.7656,139621665.0,NaN,0.0,142627791.0,142635167.0,0.0,2349.0,0.0,0.000860382046,1719.0,7376.0,475.0,137.0,0.0,16.6378441,0.0,0.0,16.6369839,0.0,475.0,137.0,0.0,1719.0,0.0,0.0,0.0,623,DDR5_6000BN
0.0,2349.0,4047.0,997651.0,8572944.0,0.0,0.0,59583.5352,139961721.0,NaN,0.0,143139424.0,143145984.0,0.0,2349.0,0.0,0.000765198027,1718.0,6560.0,476.0,136.0,0.0,16.6974125,0.0,0.0,16.6966476,0.0,476.0,136.0,0.0,1718.0,0.0,0.0,0.0,623,DDR5_6000AN
0.0,2349.0,3215.0,997651.0,8572206.0,0.0,0.0,58980.0742,138544198.0,NaN,0.0,141711462.0,141719229.0,0.0,2349.0,0.0,0.000906067842,1725.0,7767.0,475.0,130.0,0.0,16.5324116,0.0,0.0,16.5315037,0.0,475.0,130.0,0.0,1725.0,0.0,0.0,0.0,623,DDR5_6000C
0.0,2349.0,214.0,997651.0,8569531.0,0.0,0.0,60341.3555,141741846.0,NaN,0.0,144920146.0,144927235.0,0.0,2349.0,0.0,0.000827233132,1722.0,7089.0,479.0,129.0,0.0,16.9119205,0.0,0.0,16.9110947,0.0,479.0,129.0,0.0,1722.0,0.0,0.0,0.0,623,DDR5_6400BN
0.0,2349.0,220.0,997651.0,8569817.0,0.0,0.0,60338.4844,141735096.0,NaN,0.0,144914805.0,144921340.0,0.0,2349.0,0.0,0.000762560056,1723.0,6535.0,477.0,130.0,0.0,16.9106693,0.0,0.0,16.9099064,0.0,477.0,130.0,0.0,1723.0,0.0,0.0,0.0,623,DDR5_6400AN
0.0,2349.0,200.0,997651.0,8569668.0,0.0,0.0,59972.8281,140876169.0,NaN,0.0,144052164.0,144059875.0,0.0,2349.0,0.0,0.000899801496,1721.0,7711.0,481.0,128.0,0.0,16.8104382,0.0,0.0,16.8095379,0.0,481.0,128.0,0.0,1721.0,0.0,0.0,0.0,623,DDR5_6400C
0.0,55021.0,153564.0,944979.0,9363368.0,0.0,0.0,2635.20776,144991759.0,NaN,0.0,144799887.0,145017908.0,0.0,55021.0,0.0,0.0232844632,50489.0,218021.0,4195.0,316.0,0.0,15.487793,0.0,0.0,15.464509,0.0,4195.0,316.0,0.0,50489.0,0.0,0.0,0.0,621,DDR5_3200BN
0.0,55021.0,147575.0,944979.0,9355630.0,0.0,0.0,2634.35938,144945084.0,NaN,0.0,144768037.0,144970431.0,0.0,55021.0,0.0,0.0216333903,50474.0,202394.0,4193.0,333.0,0.0,15.4955282,0.0,0.0,15.4738941,0.0,4193.0,333.0,0.0,50474.0,0.0,0.0,0.0,621,DDR5_3200AN
0.0,55021.0,160123.0,944979.0,9368097.0,0.0,0.0,2642.53516,145394923.0,NaN,0.0,145185630.0,145418328.0,0.0,55021.0,0.0,0.0248394106,50477.0,232698.0,4205.0,318.0,0.0,15.5227184,0.0,0.0,15.497879,0.0,4205.0,318.0,0.0,50477.0,0.0,0.0,0.0,621,DDR5_3200C
0.0,55021.0,145101.0,944979.0,9354025.0,0.0,0.0,2631.59863,144793182.0,NaN,0.0,144619998.0,144822585.0,0.0,55021.0,0.0,0.0216577351,50784.0,202587.0,3906.0,310.0,0.0,15.4823828,0.0,0.0,15.4607239,0.0,3906.0,310.0,0.0,50784.0,0.0,0.0,0.0,621,DDR5_3600BN
0.0,55021.0,140054.0,944979.0,9349424.0,0.0,0.0,2622.36279,144285026.0,NaN,0.0,144147128.0,144324573.0,0.0,55021.0,0.0,0.0189792439,50800.0,177445.0,3885.0,315.0,0.0,15.4367342,0.0,0.0,15.4177561,0.0,3885.0,315.0,0.0,50800.0,0.0,0.0,0.0,621,DDR5_3600AN
0.0,55021.0,148219.0,944979.0,9360431.0,0.0,0.0,2638.354,145164874.0,NaN,0.0,145022196.0,145235481.0,0.0,55021.0,0.0,0.0227858089,50801.0,213285.0,3881.0,314.0,0.0,15.5158978,0.0,0.0,15.4931107,0.0,3881.0,314.0,0.0,50801.0,0.0,0.0,0.0,621,DDR5_3600C
0.0,55021.0,122301.0,944979.0,9339402.0,0.0,0.0,2624.18213,144385123.0,NaN,0.0,144237762.0,144412485.0,0.0,55021.0,0.0,0.0187081564,51082.0,174723.0,3598.0,320.0,0.0,15.4627113,0.0,0.0,15.4440041,0.0,3598.0,320.0,0.0,51082.0,0.0,0.0,0.0,621,DDR5_4000BN
0.0,55021.0,112042.0,944979.0,9327506.0,0.0,0.0,2613.73511,143810318.0,NaN,0.0,143687356.0,143843189.0,0.0,55021.0,0.0,0.0167068243,51089.0,155833.0,3591.0,320.0,0.0,15.4213982,0.0,0.0,15.4046926,0.0,3591.0,320.0,0.0,51089.0,0.0,0.0,0.0,621,DDR5_4000AN
0.0,55021.0,134912.0,944979.0,9342133.0,0.0,0.0,2626.94751,144537287.0,NaN,0.0,144372123.0,144562460.0,0.0,55021.0,0.0,0.0203740411,51075.0,190337.0,3605.0,320.0,0.0,15.474246,0.0,0.0,15.4538717,0.0,3605.0,320.0,0.0,51075.0,0.0,0.0,0.0,621,DDR5_4000C
0.0,55021.0,112016.0,944979.0,9327027.0,0.0,0.0,2620.43799,144179115.0,NaN,0.0,144043956.0,144205143.0,0.0,55021.0,0.0,0.017281713,51292.0,161187.0,3367.0,341.0,0.0,15.4609966,0.0,0.0,15.4437151,0.0,3367.0,341.0,0.0,51292.0,0.0,0.0,0.0,621,DDR5_4400BN
0.0,55021.0,105948.0,944979.0,9325932.0,0.0,0.0,2617.75366,144031426.0,NaN,0.0,143920797.0,144062602.0,0.0,55021.0,0.0,0.0152054504,51295.0,141805.0,3369.0,336.0,0.0,15.4475298,0.0,0.0,15.4323235,0.0,3369.0,336.0,0.0,51295.0,0.0,0.0,0.0,621,DDR5_4400AN
0.0,55021.0,119515.0,944979.0,9331154.0,0.0,0.0,2624.38159,144396089.0,NaN,0.0,144242471.0,144418969.0,0.0,55021.0,0.0,0.0189149175,51335.0,176498.0,3344.0,321.0,0.0,15.4770756,0.0,0.0,15.4581594,0.0,3344.0,321.0,0.0,51335.0,0.0,0.0,0.0,621,DDR5_4400C
0.0,55021.0,99312.0,944979.0,9315511.0,0.0,0.0,2618.49365,144072146.0,NaN,0.0,143949386.0,144097460.0,0.0,55021.0,0.0,0.0158954244,51515.0,148074.0,3152.0,333.0,0.0,15.4685507,0.0,0.0,15.4526567,0.0,3152.0,333.0,0.0,51515.0,0.0,0.0,0.0,621,DDR5_4800BN
0.0,55021.0,82040.0,944979.0,9306040.0,0.0,0.0,2620.92065,144205675.0,NaN,0.0,144080776.0,144206305.0,0.0,55021.0,0.0,0.0134889809,51561.0,125529.0,3106.0,337.0,0.0,15.4959898,0.0,0.0,15.4825001,0.0,3106.0,337.0,0.0,51561.0,0.0,0.0,0.0,621,DDR5_4800AN
0.0,55021.0,98906.0,944979.0,9313000.0,0.0,0.0,2619.02295,144101258.0,NaN,0.0,143970889.0,144129076.0,0.0,55021.0,0.0,0.016985612,51523.0,158187.0,3138.0,339.0,0.0,15.4761162,0.0,0.0,15.4591322,0.0,3138.0,339.0,0.0,51523.0,0.0,0.0,0.0,621,DDR5_4800C
0.0,55021.0,109086.0,944979.0,9325407.0,0.0,0.0,2613.47607,143796058.0,NaN,0.0,143688999.0,143826892.0,0.0,55021.0,0.0,0.0147868078,51660.0,137893.0,2994.0,346.0,0.0,15.4231224,0.0,0.0,15.4083347,0.0,2994.0,346.0,0.0,51660.0,0.0,0.0,0.0,621,DDR5_5200BN
0.0,55021.0,101343.0,944979.0,9321752.0,0.0,0.0,2614.90479,143874666.0,NaN,0.0,143812339.0,143935649.0,0.0,55021.0,0.0,0.0132282004,51666.0,123310.0,2989.0,341.0,0.0,15.4408369,0.0,0.0,15.4276085,0.0,2989.0,341.0,0.0,51666.0,0.0,0.0,0.0,621,DDR5_5200AN
0.0,55021.0,109347.0,944979.0,9327236.0,0.0,0.0,2618.22412,144057319.0,NaN,0.0,143933138.0,144077562.0,0.0,55021.0,0.0,0.0154841151,51687.0,144424.0,2970.0,343.0,0.0,15.4469738,0.0,0.0,15.431489,0.0,2970.0,343.0,0.0,51687.0,0.0,0.0,0.0,621,DDR5_5200C
0.0,55021.0,95101.0,944979.0,9316594.0,0.0,0.0,2604.57349,143306234.0,NaN,0.0,143202271.0,143329155.0,0.0,55021.0,0.0,0.0136191398,51814.0,126884.0,2843.0,343.0,0.0,15.3842869,0.0,0.0,15.3706675,0.0,2843.0,343.0,0.0,51814.0,0.0,0.0,0.0,621,DDR5_5600BN
0.0,55021.0,89874.0,944979.0,9311289.0,0.0,0.0,2617.9856,144044184.0,NaN,0.0,143928036.0,144038888.0,0.0,55021.0,0.0,0.0119051188,51845.0,110852.0,2824.0,340.0,0.0,15.4692736,0.0,0.0,15.4573689,0.0,2824.0,340.0,0.0,51845.0,0.0,0.0,0.0,621,DDR5_5600AN
0.0,55021.0,99937.0,944979.0,9316607.0,0.0,0.0,2606.29077,143400721.0,NaN,0.0,143284616.0,143419374.0,0.0,55021.0,0.0,0.0144642787,51811.0,134758.0,2839.0,350.0,0.0,15.3939495,0.0,0.0,15.3794842,0.0,2839.0,350.0,0.0,51811.0,0.0,0.0,0.0,621,DDR5_5600C
0.0,55021.0,115664.0,944979.0,9336319.0,0.0,0.0,2614.33252,143843178.0,NaN,0.0,143765838.0,143882692.0,0.0,55021.0,0.0,0.0125160674,51969.0,116854.0,2687.0,344.0,0.0,15.4110727,0.0,0.0,15.3985567,0.0,2687.0,344.0,0.0,51969.0,0.0,0.0,0.0,621,DDR5_6000BN
0.0,55021.0,105278.0,944979.0,9325377.0,0.0,0.0,2615.38843,143901286.0,NaN,0.0,143868688.0,143973081.0,0.0,55021.0,0.0,0.0111945076,51959.0,104393.0,2693.0,344.0,0.0,15.4388494,0.0,0.0,15.4276543,0.0,2693.0,344.0,0.0,51959.0,0.0,0.0,0.0,621,DDR5_6000AN
0.0,55021.0,126368.0,944979.0,9352353.0,0.0,0.0,2638.51147,145173536.0,NaN,0.0,145025916.0,145157296.0,0.0,55021.0,0.0,0.0140478015,51964.0,131380.0,2702.0,343.0,0.0,15.5209389,0.0,0.0,15.5068913,0.0,2702.0,343.0,0.0,51964.0,0.0,0.0,0.0,621,DDR5_6000C
0.0,55021.0,4655.0,944979.0,9226102.0,0.0,0.0,2583.79858,142163183.0,NaN,0.0,142083456.0,142191140.0,0.0,55021.0,0.0,0.0116716679,52116.0,107684.0,2537.0,347.0,0.0,15.4118319,0.0,0.0,15.4001608,0.0,2537.0,347.0,0.0,52116.0,0.0,0.0,0.0,621,DDR5_6400BN
0.0,55021.0,2266.0,944979.0,9226021.0,0.0,0.0,2581.29077,142025198.0,NaN,0.0,141962496.0,142059227.0,0.0,55021.0,0.0,0.0104845846,52102.0,96731.0,2543.0,355.0,0.0,15.3976707,0.0,0.0,15.3871851,0.0,2543.0,355.0,0.0,52102.0,0.0,0.0,0.0,621,DDR5_6400AN
0.0,55021.0,7738.0,944979.0,9225833.0,0.0,0.0,2584.85229,142221146.0,NaN,0.0,142129443.0,142248057.0,0.0,55021.0,0.0,0.0128567256,52096.0,118614.0,2549.0,355.0,0.0,15.4184523,0.0,0.0,15.4055939,0.0,2549.0,355.0,0.0,52096.0,0.0,0.0,0.0,621,DDR5_6400C
0.0,75303.0,276267.0,924697.0,10131199.0,0.0,0.0,2091.7085,157511913.0,NaN,0.0,156368742.0,156674375.0,0.0,75303.0,0.0,0.0301675051,59365.0,305633.0,12799.0,3132.0,0.0,15.4645433,0.0,0.0,15.4343758,0.0,12799.0,3132.0,0.0,59365.0,0.0,0.0,0.0,628,DDR5_3200BN
0.0,75303.0,263914.0,924697.0,10128110.0,0.0,0.0,2096.68164,157886422.0,NaN,0.0,156789434.0,157066347.0,0.0,75303.0,0.0,0.0273410343,59279.0,276913.0,12900.0,3117.0,0.0,15.5079622,0.0,0.0,15.4806213,0.0,12900.0,3117.0,0.0,59279.0,0.0,0.0,0.0,628,DDR5_3200AN
0.0,75303.0,289859.0,924697.0,10140884.0,0.0,0.0,2089.53711,157348417.0,NaN,0.0,156148726.0,156471807.0,0.0,75303.0,0.0,0.0318592526,59348.0,323081.0,12868.0,3080.0,0.0,15.4298,0.0,0.0,15.3979397,0.0,12868.0,3080.0,0.0,59348.0,0.0,0.0,0.0,628,DDR5_3200C
0.0,75303.0,213723.0,924697.0,10065521.0,0.0,0.0,2082.09546,156788028.0,NaN,0.0,155723367.0,155987894.0,0.0,75303.0,0.0,0.0262805074,60005.0,264527.0,12013.0,3278.0,0.0,15.4972496,0.0,0.0,15.4709682,0.0,12013.0,3278.0,0.0,60005.0,0.0,0.0,0.0,628,DDR5_3600BN
0.0,75303.0,206932.0,924697.0,10064699.0,0.0,0.0,2070.8623,155942140.0,NaN,0.0,154971352.0,155208261.0,0.0,75303.0,0.0,0.0235386081,60017.0,236909.0,11991.0,3288.0,0.0,15.4210529,0.0,0.0,15.3975153,0.0,11991.0,3288.0,0.0,60017.0,0.0,0.0,0.0,628,DDR5_3600AN
0.0,75303.0,237594.0,924697.0,10089725.0,0.0,0.0,2095.10156,157767437.0,NaN,0.0,156648722.0,156933372.0,0.0,75303.0,0.0,0.0282118693,60109.0,284650.0,11928.0,3259.0,0.0,15.5537815,0.0,0.0,15.525569,0.0,11928.0,3259.0,0.0,60109.0,0.0,0.0,0.0,628,DDR5_3600C
0.0,75303.0,176543.0,924697.0,10037208.0,0.0,0.0,2078.78931,156539066.0,NaN,0.0,155546433.0,155773970.0,0.0,75303.0,0.0,0.0226693526,60508.0,227537.0,11366.0,3422.0,0.0,15.5196514,0.0,0.0,15.4969816,0.0,11366.0,3422.0,0.0,60508.0,0.0,0.0,0.0,628,DDR5_4000BN
0.0,75303.0,170593.0,924697.0,10034126.0,0.0,0.0,2073.27979,156124185.0,NaN,0.0,155232175.0,155439864.0,0.0,75303.0,0.0,0.0206982642,60514.0,207689.0,11374.0,3408.0,0.0,15.4911222,0.0,0.0,15.4704237,0.0,11374.0,3408.0,0.0,60514.0,0.0,0.0,0.0,628,DDR5_4000AN
0.0,75303.0,194250.0,924697.0,10048657.0,0.0,0.0,2079.04663,156558449.0,NaN,0.0,155511372.0,155761903.0,0.0,75303.0,0.0,0.0249317903,60522.0,250531.0,11381.0,3393.0,0.0,15.5007687,0.0,0.0,15.4758368,0.0,11381.0,3393.0,0.0,60522.0,0.0,0.0,0.0,628,DDR5_4000C
0.0,75303.0,164190.0,924697.0,10023525.0,0.0,0.0,2066.66772,155626285.0,NaN,0.0,154687430.0,154897332.0,0.0,75303.0,0.0,0.0209409371,60940.0,209902.0,10881.0,3475.0,0.0,15.4533787,0.0,0.0,15.4324379,0.0,10881.0,3475.0,0.0,60940.0,0.0,0.0,0.0,628,DDR5_4400BN
0.0,75303.0,146901.0,924697.0,10003626.0,0.0,0.0,2070.89209,155944376.0,NaN,0.0,155091293.0,155277728.0,0.0,75303.0,0.0,0.0186367426,60894.0,186435.0,10885.0,3518.0,0.0,15.5221443,0.0,0.0,15.5035076,0.0,10885.0,3518.0,0.0,60894.0,0.0,0.0,0.0,628,DDR5_4400AN
0.0,75303.0,175597.0,924697.0,10034535.0,0.0,0.0,2078.90991,156548142.0,NaN,0.0,155551147.0,155781070.0,0.0,75303.0,0.0,0.0229131691,61006.0,229923.0,10832.0,3458.0,0.0,15.5244932,0.0,0.0,15.5015802,0.0,10832.0,3458.0,0.0,61006.0,0.0,0.0,0.0,628,DDR5_4400C
0.0,75303.0,132220.0,924697.0,9989337.0,0.0,0.0,2071.65601,156001899.0,NaN,0.0,155105010.0,155299380.0,0.0,75303.0,0.0,0.0194577482,61365.0,194370.0,10322.0,3610.0,0.0,15.5465145,0.0,0.0,15.5270576,0.0,10322.0,3610.0,0.0,61365.0,0.0,0.0,0.0,628,DDR5_4800BN
0.0,75303.0,112997.0,924697.0,9971976.0,0.0,0.0,2066.67383,155626739.0,NaN,0.0,154823582.0,154991226.0,0.0,75303.0,0.0,0.0168115124,61313.0,167644.0,10389.0,3595.0,0.0,15.5426798,0.0,0.0,15.5258684,0.0,10389.0,3595.0,0.0,61313.0,0.0,0.0,0.0,628,DDR5_4800AN
0.0,75303.0,149913.0,924697.0,10002845.0,0.0,0.0,2074.18848,156192612.0,NaN,0.0,155245336.0,155452212.0,0.0,75303.0,0.0,0.0206817165,61414.0,206876.0,10315.0,3567.0,0.0,15.5407991,0.0,0.0,15.5201187,0.0,10315.0,3567.0,0.0,61414.0,0.0,0.0,0.0,628,DDR5_4800C
0.0,75303.0,125074.0,924697.0,9993042.0,0.0,0.0,2068.79883,155786750.0,NaN,0.0,154935711.0,155107904.0,0.0,75303.0,0.0,0.0172312893,61650.0,172193.0,9915.0,3732.0,0.0,15.5215902,0.0,0.0,15.5043592,0.0,9915.0,3732.0,0.0,61650.0,0.0,0.0,0.0,628,DDR5_5200BN
0.0,75303.0,115229.0,924697.0,9978314.0,0.0,0.0,2060.33423,155149346.0,NaN,0.0,154368556.0,154524845.0,0.0,75303.0,0.0,0.0156628657,61671.0,156289.0,9914.0,3712.0,0.0,15.4860678,0.0,0.0,15.4704056,0.0,9914.0,3712.0,0.0,61671.0,0.0,0.0,0.0,628,DDR5_5200AN
0.0,75303.0,139813.0,924697.0,9996410.0,0.0,0.0,2073.39624,156132958.0,NaN,0.0,155227800.0,155416573.0,0.0,75303.0,0.0,0.0188840795,61767.0,188773.0,9845.0,3684.0,0.0,15.5472393,0.0,0.0,15.5283556,0.0,9845.0,3684.0,0.0,61767.0,0.0,0.0,0.0,628,DDR5_5200C
0.0,75303.0,127748.0,924697.0,9990600.0,0.0,0.0,2059.08472,155055268.0,NaN,0.0,154247582.0,154403600.0,0.0,75303.0,0.0,0.0156164793,62030.0,156018.0,9501.0,3765.0,0.0,15.4548874,0.0,0.0,15.439271,0.0,9501.0,3765.0,0.0,62030.0,0.0,0.0,0.0,628,DDR5_5600BN
0.0,75303.0,126427.0,924697.0,10000190.0,0.0,0.0,2061.49707,155236916.0,NaN,0.0,154502046.0,154646184.0,0.0,75303.0,0.0,0.0144135263,61942.0,144138.0,9573.0,3781.0,0.0,15.464324,0.0,0.0,15.4499111,0.0,9573.0,3781.0,0.0,61942.0,0.0,0.0,0.0,628,DDR5_5600AN
0.0,75303.0,144295.0,924697.0,10002772.0,0.0,0.0,2060.97583,155197660.0,NaN,0.0,154343500.0,154516362.0,0.0,75303.0,0.0,0.0172814094,62050.0,172862.0,9460.0,3787.0,0.0,15.4473543,0.0,0.0,15.4300728,0.0,9460.0,3787.0,0.0,62050.0,0.0,0.0,0.0,628,DDR5_5600C
0.0,75303.0,121584.0,924697.0,9981538.0,0.0,0.0,2059.89575,155116332.0,NaN,0.0,154338809.0,154483228.0,0.0,75303.0,0.0,0.0144686121,62245.0,144419.0,9169.0,3883.0,0.0,15.4768963,0.0,0.0,15.4624281,0.0,9169.0,3883.0,0.0,62245.0,0.0,0.0,0.0,628,DDR5_6000BN
0.0,75303.0,124245.0,924697.0,9981538.0,0.0,0.0,2061.13477,155209638.0,NaN,0.0,154503469.0,154636077.0,0.0,75303.0,0.0,0.0132853277,62189.0,132608.0,9167.0,3941.0,0.0,15.4922094,0.0,0.0,15.4789248,0.0,9167.0,3941.0,0.0,62189.0,0.0,0.0,0.0,628,DDR5_6000AN
0.0,75303.0,150885.0,924697.0,10018170.0,0.0,0.0,2067.86182,155716185.0,NaN,0.0,154862884.0,155031081.0,0.0,75303.0,0.0,0.0167891942,62185.0,168197.0,9260.0,3852.0,0.0,15.4749908,0.0,0.0,15.4582005,0.0,9260.0,3852.0,0.0,62185.0,0.0,0.0,0.0,628,DDR5_6000C
0.0,75303.0,13336.0,924697.0,9863201.0,0.0,0.0,2040.27441,153638777.0,NaN,0.0,152878225.0,153014810.0,0.0,75303.0,0.0,0.0138479387,62545.0,136585.0,8813.0,3939.0,0.0,15.5137072,0.0,0.0,15.4998589,0.0,8813.0,3939.0,0.0,62545.0,0.0,0.0,0.0,628,DDR5_6400BN
0.0,75303.0,2952.0,924697.0,9866435.0,0.0,0.0,2037.90527,153460377.0,NaN,0.0,152780814.0,152903196.0,0.0,75303.0,0.0,0.0124038719,62577.0,122382.0,8816.0,3904.0,0.0,15.4973097,0.0,0.0,15.4849062,0.0,8816.0,3904.0,0.0,62577.0,0.0,0.0,0.0,628,DDR5_6400AN
0.0,75303.0,20561.0,924697.0,9877327.0,0.0,0.0,2051.59937,154491583.0,NaN,0.0,153680703.0,153830146.0,0.0,75303.0,0.0,0.0151299033,62531.0,149443.0,8814.0,3952.0,0.0,15.5740662,0.0,0.0,15.5589361,0.0,8814.0,3952.0,0.0,62531.0,0.0,0.0,0.0,628,DDR5_6400C
0.0,3353.0,21783.0,996647.0,10364371.0,0.0,0.0,41270.457,138379848.0,NaN,0.0,138360057.0,138391783.0,0.0,3353.0,0.0,0.00306106382,1371.0,31726.0,1693.0,284.0,0.0,13.3526459,0.0,0.0,13.3495865,0.0,1693.0,284.0,0.0,1371.0,0.0,0.0,0.0,605,DDR5_3200BN
0.0,3353.0,18897.0,996647.0,10373053.0,0.0,0.0,41349.4844,138644818.0,NaN,0.0,138635771.0,138662639.0,0.0,3353.0,0.0,0.00259017292,1368.0,26868.0,1682.0,299.0,0.0,13.3675823,0.0,0.0,13.3649921,0.0,1682.0,299.0,0.0,1368.0,0.0,0.0,0.0,605,DDR5_3200AN
0.0,3353.0,20334.0,996647.0,10354398.0,0.0,0.0,40884.293,137085036.0,NaN,0.0,137060356.0,137091983.0,0.0,3353.0,0.0,0.00305445096,1399.0,31627.0,1675.0,274.0,0.0,13.2399759,0.0,0.0,13.2369213,0.0,1675.0,274.0,0.0,1399.0,0.0,0.0,0.0,605,DDR5_3200C
0.0,3353.0,13496.0,996647.0,10360586.0,0.0,0.0,42280.4375,141766302.0,NaN,0.0,141765264.0,141793029.0,0.0,3353.0,0.0,0.00267986767,1429.0,27765.0,1651.0,268.0,0.0,13.685811,0.0,0.0,13.6831322,0.0,1651.0,268.0,0.0,1429.0,0.0,0.0,0.0,605,DDR5_3600BN
0.0,3353.0,12583.0,996647.0,10354668.0,0.0,0.0,41693.7969,139799288.0,NaN,0.0,139804556.0,139829455.0,0.0,3353.0,0.0,0.00240461598,1399.0,24899.0,1675.0,274.0,0.0,13.5040016,0.0,0.0,13.5015974,0.0,1675.0,274.0,0.0,1399.0,0.0,0.0,0.0,605,DDR5_3600AN
0.0,3353.0,12901.0,996647.0,10354590.0,0.0,0.0,42971.3281,144082861.0,NaN,0.0,144072594.0,144100340.0,0.0,3353.0,0.0,0.00267958455,1443.0,27746.0,1639.0,267.0,0.0,13.9165659,0.0,0.0,13.913887,0.0,1639.0,267.0,0.0,1443.0,0.0,0.0,0.0,605,DDR5_3600C
0.0,3353.0,11944.0,996647.0,10351965.0,0.0,0.0,41118.9609,137871879.0,NaN,0.0,137877146.0,137902607.0,0.0,3353.0,0.0,0.00245953305,1441.0,25461.0,1627.0,281.0,0.0,13.321394,0.0,0.0,13.3189354,0.0,1627.0,281.0,0.0,1441.0,0.0,0.0,0.0,605,DDR5_4000BN
0.0,3353.0,8451.0,996647.0,10354629.0,0.0,0.0,41919.3242,140555486.0,NaN,0.0,140567980.0,140590742.0,0.0,3353.0,0.0,0.00219824398,1437.0,22762.0,1630.0,281.0,0.0,13.5775738,0.0,0.0,13.5753765,0.0,1630.0,281.0,0.0,1437.0,0.0,0.0,0.0,605,DDR5_4000AN
0.0,3353.0,9573.0,996647.0,10350533.0,0.0,0.0,41983.1836,140769613.0,NaN,0.0,140770266.0,140795235.0,0.0,3353.0,0.0,0.00241233944,1484.0,24969.0,1603.0,260.0,0.0,13.6027031,0.0,0.0,13.6002922,0.0,1603.0,260.0,0.0,1484.0,0.0,0.0,0.0,605,DDR5_4000C
0.0,3353.0,8790.0,996647.0,10353113.0,0.0,0.0,42869.5781,143741703.0,NaN,0.0,143752991.0,143778029.0,0.0,3353.0,0.0,0.00241840305,1459.0,25038.0,1602.0,288.0,0.0,13.8874207,0.0,0.0,13.8850021,0.0,1602.0,288.0,0.0,1459.0,0.0,0.0,0.0,605,DDR5_4400BN
0.0,3353.0,8469.0,996647.0,10351891.0,0.0,0.0,41598.0703,139478344.0,NaN,0.0,139497229.0,139519412.0,0.0,3353.0,0.0,0.00214289362,1435.0,22183.0,1621.0,294.0,0.0,13.4776735,0.0,0.0,13.4755316,0.0,1621.0,294.0,0.0,1435.0,0.0,0.0,0.0,605,DDR5_4400AN
0.0,3353.0,9856.0,996647.0,10352913.0,0.0,0.0,42629.207,142935726.0,NaN,0.0,142938100.0,142965095.0,0.0,3353.0,0.0,0.00260747876,1480.0,26995.0,1594.0,276.0,0.0,13.809165,0.0,0.0,13.8065586,0.0,1594.0,276.0,0.0,1480.0,0.0,0.0,0.0,605,DDR5_4400C
0.0,3353.0,6012.0,996647.0,10348042.0,0.0,0.0,42124.8711,141244693.0,NaN,0.0,141258712.0,141282518.0,0.0,3353.0,0.0,0.00230053184,1505.0,23806.0,1568.0,275.0,0.0,13.6530676,0.0,0.0,13.6507683,0.0,1568.0,275.0,0.0,1505.0,0.0,0.0,0.0,605,DDR5_4800BN
0.0,3353.0,7211.0,996647.0,10363934.0,0.0,0.0,42483.0391,142445637.0,NaN,0.0,142466358.0,142487669.0,0.0,3353.0,0.0,0.00205626548,1446.0,21311.0,1607.0,296.0,0.0,13.748415,0.0,0.0,13.7463589,0.0,1607.0,296.0,0.0,1446.0,0.0,0.0,0.0,605,DDR5_4800AN
0.0,3353.0,8169.0,996647.0,10352316.0,0.0,0.0,43116.168,144568505.0,NaN,0.0,144575275.0,144601438.0,0.0,3353.0,0.0,0.00252726045,1467.0,26163.0,1613.0,270.0,0.0,13.9680281,0.0,0.0,13.9655008,0.0,1613.0,270.0,0.0,1467.0,0.0,0.0,0.0,605,DDR5_4800C
0.0,3353.0,6639.0,996647.0,10360095.0,0.0,0.0,42595.3164,142822099.0,NaN,0.0,142850548.0,142875089.0,0.0,3353.0,0.0,0.00236880057,1464.0,24541.0,1608.0,275.0,0.0,13.790905,0.0,0.0,13.7885361,0.0,1608.0,275.0,0.0,1464.0,0.0,0.0,0.0,605,DDR5_5200BN
0.0,3353.0,5781.0,996647.0,10340746.0,0.0,0.0,43051.7656,144352570.0,NaN,0.0,144381588.0,144402977.0,0.0,3353.0,0.0,0.00206841948,1481.0,21389.0,1592.0,276.0,0.0,13.9644642,0.0,0.0,13.9623957,0.0,1592.0,276.0,0.0,1481.0,0.0,0.0,0.0,605,DDR5_5200AN
0.0,3353.0,8306.0,996647.0,10348124.0,0.0,0.0,42965.9805,144064930.0,NaN,0.0,144080784.0,144106779.0,0.0,3353.0,0.0,0.00251204963,1512.0,25995.0,1574.0,261.0,0.0,13.9258852,0.0,0.0,13.9233723,0.0,1574.0,261.0,0.0,1512.0,0.0,0.0,0.0,605,DDR5_5200C
0.0,3353.0,5932.0,996647.0,10350918.0,0.0,0.0,42898.8633,143839887.0,NaN,0.0,144530682.0,144553606.0,0.0,3353.0,0.0,0.00221468275,1515.0,22924.0,1538.0,276.0,0.0,13.9652929,0.0,0.0,13.9630795,0.0,1538.0,276.0,0.0,1515.0,0.0,0.0,0.0,605,DDR5_5600BN
0.0,3353.0,5603.0,996647.0,10354697.0,0.0,0.0,42395.9883,142153748.0,NaN,0.0,142194667.0,142215250.0,0.0,3353.0,0.0,0.00198779348,1505.0,20583.0,1562.0,280.0,0.0,13.7343712,0.0,0.0,13.7323837,0.0,1562.0,280.0,0.0,1505.0,0.0,0.0,0.0,605,DDR5_5600AN
0.0,3353.0,6394.0,996647.0,10350815.0,0.0,0.0,42740.6914,143309542.0,NaN,0.0,143331822.0,143356197.0,0.0,3353.0,0.0,0.00235488708,1548.0,24375.0,1540.0,260.0,0.0,13.8497496,0.0,0.0,13.8473949,0.0,1540.0,260.0,0.0,1548.0,0.0,0.0,0.0,605,DDR5_5600C
0.0,3353.0,7455.0,996647.0,10357907.0,0.0,0.0,42552.6602,142679071.0,NaN,0.0,142712111.0,142734629.0,0.0,3353.0,0.0,0.00217399141,1517.0,22518.0,1556.0,277.0,0.0,13.7802572,0.0,0.0,13.7780838,0.0,1556.0,277.0,0.0,1517.0,0.0,0.0,0.0,605,DDR5_6000BN
0.0,3353.0,7365.0,996647.0,10340629.0,0.0,0.0,43465.1953,145738801.0,NaN,0.0,145781111.0,145801280.0,0.0,3353.0,0.0,0.00195046165,1491.0,20169.0,1572.0,285.0,0.0,14.0998459,0.0,0.0,14.0978956,0.0,1572.0,285.0,0.0,1491.0,0.0,0.0,0.0,605,DDR5_6000AN
0.0,3353.0,6084.0,996647.0,10354552.0,0.0,0.0,42162.1523,141369697.0,NaN,0.0,141388688.0,141412957.0,0.0,3353.0,0.0,0.00234380015,1532.0,24269.0,1538.0,279.0,0.0,13.6570816,0.0,0.0,13.6547375,0.0,1538.0,279.0,0.0,1532.0,0.0,0.0,0.0,605,DDR5_6000C
0.0,3353.0,593.0,996647.0,10351622.0,0.0,0.0,43209.0508,144879953.0,NaN,0.0,144912757.0,144933887.0,0.0,3353.0,0.0,0.00204122602,1566.0,21130.0,1517.0,266.0,0.0,14.0010796,0.0,0.0,13.9990377,0.0,1517.0,266.0,0.0,1566.0,0.0,0.0,0.0,605,DDR5_6400BN
0.0,3353.0,303.0,996647.0,10348040.0,0.0,0.0,43088.5977,144476069.0,NaN,0.0,144524075.0,144542675.0,0.0,3353.0,0.0,0.00179744186,1547.0,18600.0,1531.0,270.0,0.0,13.9681206,0.0,0.0,13.9663239,0.0,1531.0,270.0,0.0,1547.0,0.0,0.0,0.0,605,DDR5_6400AN
0.0,3353.0,847.0,996647.0,10340596.0,0.0,0.0,42837.2734,143633382.0,NaN,0.0,143660894.0,143685265.0,0.0,3353.0,0.0,0.00235682749,1549.0,24371.0,1532.0,268.0,0.0,13.8952599,0.0,0.0,13.8929033,0.0,1532.0,268.0,0.0,1549.0,0.0,0.0,0.0,605,DDR5_6400C
0.0,3223.0,4717.0,996777.0,17079685.0,0.0,0.0,81708.7188,263347203.0,NaN,0.0,264680900.0,264707820.0,0.0,3223.0,0.0,0.00157614157,2935.0,26920.0,265.0,0.0,0.0,15.4984026,0.0,0.0,15.4968262,0.0,265.0,0.0,0.0,2935.0,0.0,0.0,0.0,603,DDR5_3200BN
0.0,3223.0,6921.0,996777.0,17079251.0,0.0,0.0,81691.9766,263293236.0,NaN,0.0,264633021.0,264658069.0,0.0,3223.0,0.0,0.00146657473,2935.0,25048.0,265.0,0.0,0.0,15.4958811,0.0,0.0,15.4944153,0.0,265.0,0.0,0.0,2935.0,0.0,0.0,0.0,603,DDR5_3200AN
0.0,3223.0,4874.0,996777.0,17079685.0,0.0,0.0,81696.9531,263309286.0,NaN,0.0,264642091.0,264669764.0,0.0,3223.0,0.0,0.00162022898,2938.0,27673.0,262.0,0.0,0.0,15.4961739,0.0,0.0,15.4945545,0.0,262.0,0.0,0.0,2938.0,0.0,0.0,0.0,603,DDR5_3200C
0.0,3223.0,8688.0,996777.0,17086540.0,0.0,0.0,81738.2188,263442280.0,NaN,0.0,264769874.0,264798292.0,0.0,3223.0,0.0,0.00166318053,2926.0,28418.0,274.0,0.0,0.0,15.4974785,0.0,0.0,15.4958153,0.0,274.0,0.0,0.0,2926.0,0.0,0.0,0.0,603,DDR5_3600BN
0.0,3223.0,6950.0,996777.0,17083794.0,0.0,0.0,81729.3359,263413646.0,NaN,0.0,264740439.0,264764761.0,0.0,3223.0,0.0,0.00142368849,2932.0,24322.0,268.0,0.0,0.0,15.4980078,0.0,0.0,15.496583,0.0,268.0,0.0,0.0,2932.0,0.0,0.0,0.0,603,DDR5_3600AN
0.0,3223.0,6780.0,996777.0,17079503.0,0.0,0.0,81722.8516,263392749.0,NaN,0.0,264732040.0,264759769.0,0.0,3223.0,0.0,0.00162352493,2938.0,27729.0,262.0,0.0,0.0,15.5016079,0.0,0.0,15.4999838,0.0,262.0,0.0,0.0,2938.0,0.0,0.0,0.0,603,DDR5_3600C
0.0,3223.0,7409.0,996777.0,17080569.0,0.0,0.0,81711.0547,263354737.0,NaN,0.0,264691256.0,264716675.0,0.0,3223.0,0.0,0.00148818234,2933.0,25419.0,267.0,0.0,0.0,15.4981184,0.0,0.0,15.4966316,0.0,267.0,0.0,0.0,2933.0,0.0,0.0,0.0,603,DDR5_4000BN
0.0,3223.0,5784.0,996777.0,17080569.0,0.0,0.0,81694.5078,263301392.0,NaN,0.0,264639468.0,264662464.0,0.0,3223.0,0.0,0.00134632527,2932.0,22996.0,268.0,0.0,0.0,15.4949455,0.0,0.0,15.4935989,0.0,268.0,0.0,0.0,2932.0,0.0,0.0,0.0,603,DDR5_4000AN
0.0,3223.0,5206.0,996777.0,17079511.0,0.0,0.0,81703.8438,263331480.0,NaN,0.0,264667663.0,264694275.0,0.0,3223.0,0.0,0.00155812409,2937.0,26612.0,263.0,0.0,0.0,15.4977655,0.0,0.0,15.4962072,0.0,263.0,0.0,0.0,2937.0,0.0,0.0,0.0,603,DDR5_4000C
0.0,3223.0,3368.0,996777.0,17080569.0,0.0,0.0,81711.9141,263357481.0,NaN,0.0,264694446.0,264717338.0,0.0,3223.0,0.0,0.00134023651,2945.0,22892.0,255.0,0.0,0.0,15.4981585,0.0,0.0,15.4968176,0.0,255.0,0.0,0.0,2945.0,0.0,0.0,0.0,603,DDR5_4400BN
0.0,3223.0,5943.0,996777.0,17083274.0,0.0,0.0,81707.0625,263341870.0,NaN,0.0,264674550.0,264696322.0,0.0,3223.0,0.0,0.00127446291,2940.0,21772.0,260.0,0.0,0.0,15.4944725,0.0,0.0,15.4931974,0.0,260.0,0.0,0.0,2940.0,0.0,0.0,0.0,603,DDR5_4400AN
0.0,3223.0,5109.0,996777.0,17083148.0,0.0,0.0,81735.9531,263434984.0,NaN,0.0,264772673.0,264798443.0,0.0,3223.0,0.0,0.00150850415,2943.0,25770.0,257.0,0.0,0.0,15.5005655,0.0,0.0,15.4990559,0.0,257.0,0.0,0.0,2943.0,0.0,0.0,0.0,603,DDR5_4400C
0.0,3223.0,5231.0,996777.0,17085692.0,0.0,0.0,81752.7734,263489182.0,NaN,0.0,264816782.0,264839825.0,0.0,3223.0,0.0,0.00134867232,2944.0,23043.0,256.0,0.0,0.0,15.500679,0.0,0.0,15.4993305,0.0,256.0,0.0,0.0,2944.0,0.0,0.0,0.0,603,DDR5_4800BN
0.0,3223.0,3076.0,996777.0,17079685.0,0.0,0.0,81672.4141,263230191.0,NaN,0.0,264566602.0,264586276.0,0.0,3223.0,0.0,0.0011518948,2944.0,19674.0,256.0,0.0,0.0,15.4912863,0.0,0.0,15.4901352,0.0,256.0,0.0,0.0,2944.0,0.0,0.0,0.0,603,DDR5_4800AN
0.0,3223.0,3652.0,996777.0,17079251.0,0.0,0.0,81714.7969,263366777.0,NaN,0.0,264706628.0,264731027.0,0.0,3223.0,0.0,0.00142857549,2943.0,24399.0,257.0,0.0,0.0,15.5001535,0.0,0.0,15.4987249,0.0,257.0,0.0,0.0,2943.0,0.0,0.0,0.0,603,DDR5_4800C
0.0,3223.0,8110.0,996777.0,17089018.0,0.0,0.0,81754.8906,263496002.0,NaN,0.0,264836299.0,264860144.0,0.0,3223.0,0.0,0.00139534054,2939.0,23845.0,261.0,0.0,0.0,15.4988508,0.0,0.0,15.4974556,0.0,261.0,0.0,0.0,2939.0,0.0,0.0,0.0,603,DDR5_5200BN
0.0,3223.0,5156.0,996777.0,17083794.0,0.0,0.0,81735.6719,263434063.0,NaN,0.0,264761414.0,264782225.0,0.0,3223.0,0.0,0.00121817202,2942.0,20811.0,258.0,0.0,0.0,15.4990292,0.0,0.0,15.4978113,0.0,258.0,0.0,0.0,2942.0,0.0,0.0,0.0,603,DDR5_5200AN
0.0,3223.0,8512.0,996777.0,17089354.0,0.0,0.0,81752.4688,263488215.0,NaN,0.0,264825824.0,264851460.0,0.0,3223.0,0.0,0.00150011526,2939.0,25636.0,261.0,0.0,0.0,15.4980383,0.0,0.0,15.4965382,0.0,261.0,0.0,0.0,2939.0,0.0,0.0,0.0,603,DDR5_5200C
0.0,3223.0,4765.0,996777.0,17083794.0,0.0,0.0,81737.6172,263440334.0,NaN,0.0,264766640.0,264788564.0,0.0,3223.0,0.0,0.00128332153,2945.0,21924.0,255.0,0.0,0.0,15.4994001,0.0,0.0,15.4981174,0.0,255.0,0.0,0.0,2945.0,0.0,0.0,0.0,603,DDR5_5600BN
0.0,3223.0,5021.0,996777.0,17083794.0,0.0,0.0,81720.0938,263383851.0,NaN,0.0,264711549.0,264731933.0,0.0,3223.0,0.0,0.00119317754,2942.0,20384.0,258.0,0.0,0.0,15.4960861,0.0,0.0,15.4948921,0.0,258.0,0.0,0.0,2942.0,0.0,0.0,0.0,603,DDR5_5600AN
0.0,3223.0,4946.0,996777.0,17083794.0,0.0,0.0,81723.0781,263393468.0,NaN,0.0,264718589.0,264743156.0,0.0,3223.0,0.0,0.00143802946,2942.0,24567.0,258.0,0.0,0.0,15.4967422,0.0,0.0,15.4953051,0.0,258.0,0.0,0.0,2942.0,0.0,0.0,0.0,603,DDR5_5600C
0.0,3223.0,5110.0,996777.0,17083794.0,0.0,0.0,81716.3672,263371852.0,NaN,0.0,264698260.0,264720590.0,0.0,3223.0,0.0,0.00130708667,2942.0,22330.0,258.0,0.0,0.0,15.4954214,0.0,0.0,15.4941139,0.0,258.0,0.0,0.0,2942.0,0.0,0.0,0.0,603,DDR5_6000BN
0.0,3223.0,5083.0,996777.0,17080537.0,0.0,0.0,81721.3203,263387819.0,NaN,0.0,264728607.0,264748820.0,0.0,3223.0,0.0,0.00118339376,2940.0,20213.0,260.0,0.0,0.0,15.5000296,0.0,0.0,15.498847,0.0,260.0,0.0,0.0,2940.0,0.0,0.0,0.0,603,DDR5_6000AN
0.0,3223.0,5909.0,996777.0,17082251.0,0.0,0.0,81706.1719,263338996.0,NaN,0.0,264670215.0,264695105.0,0.0,3223.0,0.0,0.00145706779,2940.0,24890.0,260.0,0.0,0.0,15.4953279,0.0,0.0,15.4938707,0.0,260.0,0.0,0.0,2940.0,0.0,0.0,0.0,603,DDR5_6000C
0.0,3223.0,495.0,996777.0,17080569.0,0.0,0.0,81700.9219,263322063.0,NaN,0.0,264659280.0,264681473.0,0.0,3223.0,0.0,0.0012993128,2943.0,22193.0,257.0,0.0,0.0,15.4960575,0.0,0.0,15.4947586,0.0,257.0,0.0,0.0,2943.0,0.0,0.0,0.0,603,DDR5_6400BN
0.0,3223.0,30.0,996777.0,17079251.0,0.0,0.0,81704.3438,263333099.0,NaN,0.0,264675787.0,264695616.0,0.0,3223.0,0.0,0.00116099929,2943.0,19829.0,257.0,0.0,0.0,15.4980803,0.0,0.0,15.4969196,0.0,257.0,0.0,0.0,2943.0,0.0,0.0,0.0,603,DDR5_6400AN
0.0,3223.0,798.0,996777.0,17078043.0,0.0,0.0,81708.4453,263346318.0,NaN,0.0,264683185.0,264708025.0,0.0,3223.0,0.0,0.00145449908,2939.0,24840.0,261.0,0.0,0.0,15.4999037,0.0,0.0,15.4984484,0.0,261.0,0.0,0.0,2939.0,0.0,0.0,0.0,603,DDR5_6400C
0.0,174078.0,540329.0,825922.0,9832960.0,0.0,0.0,868.770386,151233808.0,NaN,0.0,150277861.0,150601847.0,0.0,174078.0,0.0,0.0329489782,160313.0,323986.0,13753.0,0.0,0.0,15.3160229,0.0,0.0,15.2830744,0.0,13753.0,0.0,0.0,160313.0,0.0,0.0,0.0,654,DDR5_3200BN
0.0,174078.0,530961.0,825922.0,9823979.0,0.0,0.0,866.698669,150873173.0,NaN,0.0,149949071.0,150251049.0,0.0,174078.0,0.0,0.0307388678,160318.0,301978.0,13748.0,0.0,0.0,15.2943172,0.0,0.0,15.2635784,0.0,13748.0,0.0,0.0,160318.0,0.0,0.0,0.0,654,DDR5_3200AN
0.0,174078.0,543745.0,825922.0,9835842.0,0.0,0.0,869.197937,151308243.0,NaN,0.0,150323213.0,150667525.0,0.0,174078.0,0.0,0.0350058489,160301.0,344312.0,13765.0,0.0,0.0,15.3182125,0.0,0.0,15.2832079,0.0,13765.0,0.0,0.0,160301.0,0.0,0.0,0.0,654,DDR5_3200C
0.0,174078.0,369509.0,825922.0,9673947.0,0.0,0.0,852.672852,148431588.0,NaN,0.0,147589233.0,147906812.0,0.0,174078.0,0.0,0.0328282751,161484.0,317579.0,12582.0,0.0,0.0,15.2891903,0.0,0.0,15.256361,0.0,12582.0,0.0,0.0,161484.0,0.0,0.0,0.0,654,DDR5_3600BN
0.0,174078.0,361960.0,825922.0,9669239.0,0.0,0.0,850.489563,148051512.0,NaN,0.0,147260300.0,147544337.0,0.0,174078.0,0.0,0.0293753203,161502.0,284037.0,12564.0,0.0,0.0,15.2591467,0.0,0.0,15.2297716,0.0,12564.0,0.0,0.0,161502.0,0.0,0.0,0.0,654,DDR5_3600AN
0.0,174078.0,381545.0,825922.0,9685107.0,0.0,0.0,854.556519,148759482.0,NaN,0.0,147838880.0,148174573.0,0.0,174078.0,0.0,0.0346607417,161504.0,335693.0,12562.0,0.0,0.0,15.2992191,0.0,0.0,15.2645578,0.0,12562.0,0.0,0.0,161504.0,0.0,0.0,0.0,654,DDR5_3600C
0.0,174078.0,298713.0,825922.0,9605451.0,0.0,0.0,846.571411,147369449.0,NaN,0.0,146588728.0,146866246.0,0.0,174078.0,0.0,0.0288917199,162385.0,277518.0,11682.0,0.0,0.0,15.2898846,0.0,0.0,15.2609949,0.0,11682.0,0.0,0.0,162385.0,0.0,0.0,0.0,654,DDR5_4000BN
0.0,174078.0,295602.0,825922.0,9603194.0,0.0,0.0,845.065063,147107231.0,NaN,0.0,146411640.0,146661198.0,0.0,174078.0,0.0,0.0259869788,162378.0,249558.0,11688.0,0.0,0.0,15.2721272,0.0,0.0,15.2461405,0.0,11688.0,0.0,0.0,162378.0,0.0,0.0,0.0,654,DDR5_4000AN
0.0,174078.0,321708.0,825922.0,9628071.0,0.0,0.0,848.830811,147762761.0,NaN,0.0,146942590.0,147250664.0,0.0,174078.0,0.0,0.0319974795,162336.0,308074.0,11730.0,0.0,0.0,15.29389,0.0,0.0,15.2618933,0.0,11730.0,0.0,0.0,162336.0,0.0,0.0,0.0,654,DDR5_4000C
0.0,174078.0,296171.0,825922.0,9605282.0,0.0,0.0,843.973877,146917286.0,NaN,0.0,146205348.0,146473193.0,0.0,174078.0,0.0,0.0278851781,163000.0,267845.0,11066.0,0.0,0.0,15.2492352,0.0,0.0,15.2213488,0.0,11066.0,0.0,0.0,163000.0,0.0,0.0,0.0,654,DDR5_4400BN
0.0,174078.0,290729.0,825922.0,9601417.0,0.0,0.0,842.161621,146601801.0,NaN,0.0,145973537.0,146222129.0,0.0,174078.0,0.0,0.0258911792,163019.0,248592.0,11047.0,0.0,0.0,15.2292242,0.0,0.0,15.2033329,0.0,11047.0,0.0,0.0,163019.0,0.0,0.0,0.0,654,DDR5_4400AN
0.0,174078.0,313763.0,825922.0,9620479.0,0.0,0.0,847.697632,147565512.0,NaN,0.0,146815616.0,147108547.0,0.0,174078.0,0.0,0.0304486919,162989.0,292931.0,11077.0,0.0,0.0,15.2911873,0.0,0.0,15.2607384,0.0,11077.0,0.0,0.0,162989.0,0.0,0.0,0.0,654,DDR5_4400C
0.0,174078.0,256505.0,825922.0,9561425.0,0.0,0.0,847.962219,147611565.0,NaN,0.0,146954826.0,147197289.0,0.0,174078.0,0.0,0.025358459,163599.0,242463.0,10467.0,0.0,0.0,15.3949118,0.0,0.0,15.3695536,0.0,10467.0,0.0,0.0,163599.0,0.0,0.0,0.0,654,DDR5_4800BN
0.0,174078.0,237910.0,825922.0,9543899.0,0.0,0.0,845.34021,147155138.0,NaN,0.0,146568129.0,146774993.0,0.0,174078.0,0.0,0.0216749981,163627.0,206864.0,10432.0,0.0,0.0,15.3789339,0.0,0.0,15.3572588,0.0,10432.0,0.0,0.0,163627.0,0.0,0.0,0.0,654,DDR5_4800AN
0.0,174078.0,256789.0,825922.0,9561389.0,0.0,0.0,847.232544,147484548.0,NaN,0.0,146769383.0,147019650.0,0.0,174078.0,0.0,0.0261747539,163610.0,250267.0,10455.0,1.0,0.0,15.3763905,0.0,0.0,15.350215,0.0,10455.0,1.0,0.0,163610.0,0.0,0.0,0.0,654,DDR5_4800C
0.0,174078.0,221440.0,825922.0,9526425.0,0.0,0.0,830.292419,144535641.0,NaN,0.0,143890635.0,144060323.0,0.0,174078.0,0.0,0.0178123489,164118.0,169688.0,9948.0,0.0,0.0,15.1221809,0.0,0.0,15.1043692,0.0,9948.0,0.0,0.0,164118.0,0.0,0.0,0.0,654,DDR5_5200BN
0.0,174078.0,219812.0,825922.0,9527372.0,0.0,0.0,830.039856,144491672.0,NaN,0.0,143916981.0,144073885.0,0.0,174078.0,0.0,0.0164687596,164101.0,156904.0,9965.0,0.0,0.0,15.1221018,0.0,0.0,15.1056318,0.0,9965.0,0.0,0.0,164101.0,0.0,0.0,0.0,654,DDR5_5200AN
0.0,174078.0,219302.0,825922.0,9526440.0,0.0,0.0,829.738098,144439155.0,NaN,0.0,143769511.0,143953459.0,0.0,174078.0,0.0,0.0193092059,164117.0,183948.0,9949.0,0.0,0.0,15.110939,0.0,0.0,15.09163,0.0,9949.0,0.0,0.0,164117.0,0.0,0.0,0.0,654,DDR5_5200C
0.0,174078.0,178450.0,825922.0,9490943.0,0.0,0.0,813.631592,141635363.0,NaN,0.0,141044306.0,141222205.0,0.0,174078.0,0.0,0.0187440813,164507.0,177899.0,9558.0,1.0,0.0,14.8796816,0.0,0.0,14.8609371,0.0,9558.0,1.0,0.0,164507.0,0.0,0.0,0.0,654,DDR5_5600BN
0.0,174078.0,176446.0,825922.0,9489064.0,0.0,0.0,813.416138,141597857.0,NaN,0.0,141045714.0,141203532.0,0.0,174078.0,0.0,0.016631566,164512.0,157818.0,9554.0,0.0,0.0,14.8806601,0.0,0.0,14.864028,0.0,9554.0,0.0,0.0,164512.0,0.0,0.0,0.0,654,DDR5_5600AN
0.0,174078.0,194251.0,825922.0,9507735.0,0.0,0.0,816.191528,142080984.0,NaN,0.0,141440189.0,141631477.0,0.0,174078.0,0.0,0.0201191977,164502.0,191288.0,9564.0,0.0,0.0,14.8964472,0.0,0.0,14.8763285,0.0,9564.0,0.0,0.0,164502.0,0.0,0.0,0.0,654,DDR5_5600C
0.0,174078.0,244847.0,825922.0,9558764.0,0.0,0.0,820.388123,142811514.0,NaN,0.0,142243077.0,142419446.0,0.0,174078.0,0.0,0.0184510257,164798.0,176369.0,9268.0,0.0,0.0,14.8993568,0.0,0.0,14.8809061,0.0,9268.0,0.0,0.0,164798.0,0.0,0.0,0.0,654,DDR5_6000BN
0.0,174078.0,238080.0,825922.0,9554923.0,0.0,0.0,819.901306,142726784.0,NaN,0.0,142198322.0,142359170.0,0.0,174078.0,0.0,0.0168340448,164803.0,160848.0,9263.0,0.0,0.0,14.8990383,0.0,0.0,14.882205,0.0,9263.0,0.0,0.0,164803.0,0.0,0.0,0.0,654,DDR5_6000AN
0.0,174078.0,262582.0,825922.0,9577215.0,0.0,0.0,821.567627,143016851.0,NaN,0.0,142392747.0,142591747.0,0.0,174078.0,0.0,0.0207784828,164794.0,199000.0,9271.0,1.0,0.0,14.8886442,0.0,0.0,14.8678665,0.0,9271.0,1.0,0.0,164794.0,0.0,0.0,0.0,654,DDR5_6000C
0.0,174078.0,2374.0,825922.0,9313257.0,0.0,0.0,792.407837,137940769.0,NaN,0.0,137391127.0,137536156.0,0.0,174078.0,0.0,0.0155723179,165250.0,145029.0,8816.0,0.0,0.0,14.7677832,0.0,0.0,14.7522097,0.0,8816.0,0.0,0.0,165250.0,0.0,0.0,0.0,654,DDR5_6400BN
0.0,174078.0,1219.0,825922.0,9313388.0,0.0,0.0,791.644958,137807963.0,NaN,0.0,137320042.0,137451930.0,0.0,174078.0,0.0,0.0141611192,165248.0,131888.0,8818.0,0.0,0.0,14.7585325,0.0,0.0,14.7443714,0.0,8818.0,0.0,0.0,165248.0,0.0,0.0,0.0,654,DDR5_6400AN
0.0,174078.0,3290.0,825922.0,9317421.0,0.0,0.0,792.743835,137999271.0,NaN,0.0,137403665.0,137565567.0,0.0,174078.0,0.0,0.0173762683,165250.0,161902.0,8816.0,0.0,0.0,14.7643394,0.0,0.0,14.7469635,0.0,8816.0,0.0,0.0,165250.0,0.0,0.0,0.0,654,DDR5_6400C
0.0,237469.0,743530.0,762531.0,10359216.0,0.0,0.0,645.818909,153361968.0,NaN,0.0,152640304.0,153057468.0,0.0,237469.0,0.0,0.0402698442,225728.0,417164.0,11725.0,0.0,0.0,14.7750053,0.0,0.0,14.7347355,0.0,11725.0,0.0,0.0,225728.0,0.0,0.0,0.0,619,DDR5_3200BN
0.0,237469.0,736593.0,762531.0,10350689.0,0.0,0.0,645.031738,153175033.0,NaN,0.0,152463886.0,152850759.0,0.0,237469.0,0.0,0.0373765454,225727.0,386873.0,11726.0,0.0,0.0,14.7672052,0.0,0.0,14.7298298,0.0,11726.0,0.0,0.0,225727.0,0.0,0.0,0.0,619,DDR5_3200AN
0.0,237469.0,756055.0,762531.0,10371651.0,0.0,0.0,646.137573,153437641.0,NaN,0.0,152690514.0,153134876.0,0.0,237469.0,0.0,0.0428439006,225702.0,444362.0,11751.0,0.0,0.0,14.7647543,0.0,0.0,14.7219095,0.0,11751.0,0.0,0.0,225702.0,0.0,0.0,0.0,619,DDR5_3200C
0.0,237469.0,572168.0,762531.0,10192738.0,0.0,0.0,646.152832,153441265.0,NaN,0.0,152807872.0,153135988.0,0.0,237469.0,0.0,0.0321911536,226957.0,328116.0,10496.0,0.0,0.0,15.0240278,0.0,0.0,14.9918375,0.0,10496.0,0.0,0.0,226957.0,0.0,0.0,0.0,619,DDR5_3600BN
0.0,237469.0,568052.0,762531.0,10185570.0,0.0,0.0,645.757385,153347366.0,NaN,0.0,152749975.0,153049134.0,0.0,237469.0,0.0,0.0293708649,226974.0,299159.0,10479.0,0.0,0.0,15.0260744,0.0,0.0,14.9967031,0.0,10479.0,0.0,0.0,226974.0,0.0,0.0,0.0,619,DDR5_3600AN
0.0,237469.0,587611.0,762531.0,10208509.0,0.0,0.0,647.328918,153720547.0,NaN,0.0,153040767.0,153395500.0,0.0,237469.0,0.0,0.0347487554,226949.0,354733.0,10504.0,0.0,0.0,15.0262394,0.0,0.0,14.9914904,0.0,10504.0,0.0,0.0,226949.0,0.0,0.0,0.0,619,DDR5_3600C
0.0,237469.0,499936.0,762531.0,10116130.0,0.0,0.0,645.768372,153349964.0,NaN,0.0,152773189.0,153091679.0,0.0,237469.0,0.0,0.031483382,227853.0,318490.0,9599.0,1.0,0.0,15.1334238,0.0,0.0,15.1019392,0.0,9599.0,1.0,0.0,227853.0,0.0,0.0,0.0,619,DDR5_4000BN
0.0,237469.0,498053.0,762531.0,10116118.0,0.0,0.0,645.304688,153239849.0,NaN,0.0,152714541.0,153013768.0,0.0,237469.0,0.0,0.0295792315,227847.0,299227.0,9606.0,0.0,0.0,15.1257391,0.0,0.0,15.0961609,0.0,9606.0,0.0,0.0,227847.0,0.0,0.0,0.0,619,DDR5_4000AN
0.0,237469.0,507403.0,762531.0,10124659.0,0.0,0.0,646.767883,153587335.0,NaN,0.0,152984827.0,153321412.0,0.0,237469.0,0.0,0.0332440808,227848.0,336585.0,9600.0,5.0,0.0,15.1433649,0.0,0.0,15.1101217,0.0,9600.0,5.0,0.0,227848.0,0.0,0.0,0.0,619,DDR5_4000C
0.0,237469.0,429454.0,762531.0,10049545.0,0.0,0.0,640.903748,152194761.0,NaN,0.0,151674606.0,151992708.0,0.0,237469.0,0.0,0.0316533744,228599.0,318102.0,8841.0,13.0,0.0,15.1243372,0.0,0.0,15.0926838,0.0,8841.0,13.0,0.0,228599.0,0.0,0.0,0.0,619,DDR5_4400BN
0.0,237469.0,426201.0,762531.0,10048818.0,0.0,0.0,640.367615,152067461.0,NaN,0.0,151595243.0,151897131.0,0.0,237469.0,0.0,0.0300421398,228601.0,301888.0,8840.0,12.0,0.0,15.115921,0.0,0.0,15.0858784,0.0,8840.0,12.0,0.0,228601.0,0.0,0.0,0.0,619,DDR5_4400AN
0.0,237469.0,439841.0,762531.0,10060594.0,0.0,0.0,643.516846,152815299.0,NaN,0.0,152263226.0,152605446.0,0.0,237469.0,0.0,0.0340158828,228612.0,342220.0,8828.0,13.0,0.0,15.1686316,0.0,0.0,15.1346169,0.0,8828.0,13.0,0.0,228612.0,0.0,0.0,0.0,619,DDR5_4400C
0.0,237469.0,310104.0,762531.0,9923011.0,0.0,0.0,631.46936,149954406.0,NaN,0.0,149478907.0,149774267.0,0.0,237469.0,0.0,0.0297651589,229283.0,295360.0,8137.0,33.0,0.0,15.0936317,0.0,0.0,15.0638666,0.0,8137.0,33.0,0.0,229283.0,0.0,0.0,0.0,619,DDR5_4800BN
0.0,237469.0,297187.0,762531.0,9907755.0,0.0,0.0,629.192566,149413731.0,NaN,0.0,148978320.0,149242598.0,0.0,237469.0,0.0,0.0266738534,229294.0,264278.0,8114.0,45.0,0.0,15.0632095,0.0,0.0,15.0365362,0.0,8114.0,45.0,0.0,229294.0,0.0,0.0,0.0,619,DDR5_4800AN
0.0,237469.0,322105.0,762531.0,9935719.0,0.0,0.0,632.030579,150087664.0,NaN,0.0,149570638.0,149881039.0,0.0,237469.0,0.0,0.0312409196,229274.0,310401.0,8139.0,40.0,0.0,15.0850725,0.0,0.0,15.0538311,0.0,8139.0,40.0,0.0,229274.0,0.0,0.0,0.0,619,DDR5_4800C
0.0,237469.0,349346.0,762531.0,9963090.0,0.0,0.0,624.058472,148194538.0,NaN,0.0,147722697.0,147971152.0,0.0,237469.0,0.0,0.024937544,229702.0,248455.0,7647.0,104.0,0.0,14.8519335,0.0,0.0,14.8269968,0.0,7647.0,104.0,0.0,229702.0,0.0,0.0,0.0,619,DDR5_5200BN
0.0,237469.0,345201.0,762531.0,9959059.0,0.0,0.0,623.128235,147973639.0,NaN,0.0,147552049.0,147783026.0,0.0,237469.0,0.0,0.0231926534,229693.0,230977.0,7636.0,124.0,0.0,14.8390551,0.0,0.0,14.8158627,0.0,7636.0,124.0,0.0,229693.0,0.0,0.0,0.0,619,DDR5_5200AN
0.0,237469.0,375772.0,762531.0,9991983.0,0.0,0.0,624.74646,148357927.0,NaN,0.0,147860101.0,148132026.0,0.0,237469.0,0.0,0.0272143185,229668.0,271925.0,7666.0,119.0,0.0,14.8250885,0.0,0.0,14.7978735,0.0,7666.0,119.0,0.0,229668.0,0.0,0.0,0.0,619,DDR5_5200C
0.0,237469.0,293179.0,762531.0,9903698.0,0.0,0.0,613.029114,145575415.0,NaN,0.0,145147657.0,145363112.0,0.0,237469.0,0.0,0.0217550043,230144.0,215455.0,7151.0,158.0,0.0,14.677659,0.0,0.0,14.6559057,0.0,7151.0,158.0,0.0,230144.0,0.0,0.0,0.0,619,DDR5_5600BN
0.0,237469.0,291261.0,762531.0,9904456.0,0.0,0.0,612.44751,145437300.0,NaN,0.0,145043925.0,145242433.0,0.0,237469.0,0.0,0.0200422928,230150.0,198508.0,7156.0,147.0,0.0,14.6643524,0.0,0.0,14.64431,0.0,7156.0,147.0,0.0,230150.0,0.0,0.0,0.0,619,DDR5_5600AN
0.0,237469.0,310681.0,762531.0,9924434.0,0.0,0.0,614.218201,145857772.0,NaN,0.0,145395756.0,145635507.0,0.0,237469.0,0.0,0.0241576489,230136.0,239751.0,7169.0,148.0,0.0,14.6744394,0.0,0.0,14.6502819,0.0,7169.0,148.0,0.0,230136.0,0.0,0.0,0.0,619,DDR5_5600C
0.0,237469.0,288379.0,762531.0,9898885.0,0.0,0.0,611.798889,145283259.0,NaN,0.0,144879527.0,145074918.0,0.0,237469.0,0.0,0.0197386872,230504.0,195391.0,6764.0,185.0,0.0,14.6556826,0.0,0.0,14.6359434,0.0,6764.0,185.0,0.0,230504.0,0.0,0.0,0.0,619,DDR5_6000BN
0.0,237469.0,264940.0,762531.0,9875737.0,0.0,0.0,610.303955,144928265.0,NaN,0.0,144559706.0,144734392.0,0.0,237469.0,0.0,0.017688401,230536.0,174686.0,6749.0,168.0,0.0,14.6555548,0.0,0.0,14.637866,0.0,6749.0,168.0,0.0,230536.0,0.0,0.0,0.0,619,DDR5_6000AN
0.0,237469.0,311831.0,762531.0,9926652.0,0.0,0.0,613.977051,145800511.0,NaN,0.0,145356825.0,145573253.0,0.0,237469.0,0.0,0.0218027178,230497.0,216428.0,6774.0,182.0,0.0,14.6648884,0.0,0.0,14.6430874,0.0,6774.0,182.0,0.0,230497.0,0.0,0.0,0.0,619,DDR5_6000C
0.0,237469.0,1598.0,762531.0,9599614.0,0.0,0.0,590.04657,140117782.0,NaN,0.0,139723480.0,139883694.0,0.0,237469.0,0.0,0.0166896302,230988.0,160214.0,6249.0,216.0,0.0,14.571804,0.0,0.0,14.5551157,0.0,6249.0,216.0,0.0,230988.0,0.0,0.0,0.0,619,DDR5_6400BN
0.0,237469.0,533.0,762531.0,9599574.0,0.0,0.0,588.211243,139681940.0,NaN,0.0,139331806.0,139473409.0,0.0,237469.0,0.0,0.0147509668,230982.0,141603.0,6253.0,218.0,0.0,14.5291243,0.0,0.0,14.5143738,0.0,6253.0,218.0,0.0,230982.0,0.0,0.0,0.0,619,DDR5_6400AN
0.0,237469.0,2295.0,762531.0,9602340.0,0.0,0.0,590.219421,140158815.0,NaN,0.0,139725009.0,139898894.0,0.0,237469.0,0.0,0.0181086063,230979.0,173885.0,6259.0,215.0,0.0,14.5692501,0.0,0.0,14.5511417,0.0,6259.0,215.0,0.0,230979.0,0.0,0.0,0.0,619,DDR5_6400C
